watchingresults,o,4,16,
bandsaccordingtofangirls,o,2,9,
sometimesallagirlwants,o,1,4,
mentionsomeoneveryspecial,o,1,4,
mentionwhotwitconawesome,o,2,8,
getusedtogreat,o,2,9,
somethingigetalot,o,4,18,
cantafford4more,o,4,18,
mypornmovietitle,o,1,3,
dontendmeribhabhi,o,3,11,
promposal,o,1,1,
takeapicturelikeatwitterbitch,o,1,4,
mentionsomeonewithafatass,o,1,4,
tagforlikes,o,3,11,
youremoreattractive,o,2,8,
imaacelebrity,o,2,7,
replaceamovietitlewithbeard,o,3,12,
ifweredating,o,1,1,
tweetaphotothatsumsupyourfriendship,o,3,12,
fcukitsaturday,o,3,10,
mentionsomeonewhoisawesome,o,1,4,
mentionsomeonewhocanalwaysmakeyousmile,o,1,4,
darkestbeforedawn,o,2,9,
replacemovienamewithexam,o,1,3,
ifyoureallycared,o,2,7,
thingsbetterthanpaulsboutique,o,1,4,
ruinarealityshow,o,4,15,
mentionsomeonehandsome,o,1,4,
inelemantaryschool,o,1,1,
findme4u,o,3,10,
ruinaband,o,1,4,
ifieverseezimmerman,o,3,12,
offline4sleep,o,1,3,
1thingaboutmyself,o,1,4,
reasonstolovedinah,o,1,4,
thingswedoatthemovies,o,1,4,
thoughsduringschool,o,1,4,
1ofmyflaws,o,1,4,
allthatmattersvideo,o,1,1,
iknewyouwerenttheonewhen,o,2,7,
youaintnogoodif,o,1,4,
imsureweall,o,1,3,
ifpokemonwasreal,o,1,4,
uturnonspinnation,o,3,11,
dontbethatathlete,o,3,11,
yeahiwantthat,o,1,1,
youdontlovemeif,o,1,4,
dothemoves,o,3,10,
nomondayiscompletewithout,o,1,4,
afollowerthatiwannafight,o,1,4,
10reasonswhyiloveyou,o,1,4,
8reasonswhyimontwitter,o,1,4,
weallknowsomebodythat,o,1,4,
20factsaboumybestfriend,o,1,4,
thebestfeelinginarelationship,o,1,4,
movieloverssweeps,o,1,4,
30actorsthatilove,o,1,4,
5bestsmells,o,1,4,
90ssayings,o,1,4,
maythe4thbewithyou,o,1,6,
whatidowheniamalone,o,1,1,
standwiththe70,o,2,9,
onvalentinesdayillbe,o,1,3,
thoughtsduringschooi,o,1,4,
feellovely,o,3,10,
olddisneychannelmemories,o,1,4,
replace1dlyricswithlingerie,o,1,4,
ifobamadontwin,o,1,4,
ifiwonthemegamillions,o,1,4,
whatmostwomanwant,o,1,4,
ifweretogether,o,1,4,
myboyfriendisnotallowedto,o,1,4,
mentionadislike,o,1,4,
mydreamhome,o,1,4,
reasonsyoucantfindaman,o,1,4,
childhoodfears,o,1,1,
ilovepeoplethat,o,1,4,
mentionsomebodyyouridefornomatterwhat,o,1,4,
10stonetesticles,o,1,4,
compareyourfriendstofootballers,o,1,4,
indirectyourex,o,3,10,
thoughtsinthehallways,o,1,3,
pickonlyone,o,1,2,
ifyouneed,o,1,4,
talkdirty2meme,o,1,2,
thingsidowheniamhomealone,o,1,4,
mentionsomeoneyoumiss,o,1,4,
neversaynevermemories,o,1,2,
donttweetthis,o,1,2,
ask5hanything,o,1,2,
dontgiveupbecause,o,1,4,
top10favoriteartist,o,1,4,
replace1dsongswithlettuce,o,1,2,
outoftowngirl,o,2,8,
storyofmylifemusicvideo,o,1,3,
thingswomensay2makemenmad,o,1,4,
kissmecarly,o,3,12,
favoritefemaleartist,o,1,1,
backtoschoolwithheart,o,4,19,
tweetyourfear,o,4,17,
iwishicoulddate,o,3,12,
everybody6thwin,o,4,19,
bestbreakupexcuses,o,4,16,
bestsongevermusicvideo,o,4,20,
mygirlfriendnotallowedto,o,1,4,
signstherelationshipisover,o,3,12,
tomyfurturekids,o,4,19,
lastlinesfromgreatbooks,o,1,4,
mentionsomeoneyouwouldsexuallydestroy,o,4,18,
describeyourcrushinoneword,o,1,3,
myfavorite90scartoon,o,4,20,
signsyouregettingcheatedon,o,4,16,
5songsthatmakemecry,o,4,20,
thingsthatdestroysarelationship,o,4,18,
embarrassyourbestfriend,o,4,16,
dontfollowmeontwitterif,o,4,13,
wetalkbeauty,o,2,8,
replacebandnameswithtitties,o,1,3,
thingsthatiloveinlife,o,4,19,
replaceamovietitlewithhoe,o,1,1,
mentionafolloweryouwouldsmash,o,1,3,
thisweekiwillmostlybe,o,1,5,
whatreallyturnsmeon,o,1,3,
fuckwithmeyouknowigotit,o,2,7,
purpleyourprofile,o,1,1,
relationshipwontworkif,o,4,19,
femalesouthereshapedlike,o,1,4,
lifewouldbealotbetterif,o,1,4,
weirdfearsnight,o,4,17,
nameaexyouwouldtakeback,o,1,1,
aprilfooljokegonewrong,o,4,20,
theworkisworthit,o,2,9,
aintnothingfunnierthan,o,4,19,
dontcomeoverif,o,3,11,
handsome,o,2,8,
thingsthatmakemehulkmad,o,4,13,
1thingthatgetsonmynerves,o,4,13,
danceagain,o,4,19,
7daysofsex,o,4,19,
springbreakforever,o,3,12,
signsthatyouugly,o,1,4,
thatssexyashell,o,2,9,
removeoneletterfilms,o,1,3,
thingsthatiwanttohappen,o,3,12,
8thingsicantlivewithout,o,4,15,
tellagirlsheisbeautifulday,o,1,3,
iftheywerentfootballers,o,1,6,
tweelikeagirl,o,1,3,
howtobeagoodmother,o,1,1,
20peopleithinkarepretty,o,1,5,
5painfulthings,o,4,19,
ionlygetmadwhen,o,1,2,
reasonswhywedontgetalong,o,2,7,
votawhatmakesyoubeautiful,o,2,8,
mentionsomeoneyoucareabout,o,1,1,
whenitwascoolto,o,1,4,
howfarwillyougo,o,3,12,
peoplearequickto,o,1,6,
icantbeinarelationshipwithyouif,o,4,16,
blackfanproblems,o,4,19,
mentionsomeoneyouloveandcareabout,o,1,3,
thingsbetterthan1dmanagement,o,1,6,
wewant5sosinsouthamerica,o,1,1,
thingsnottosayonthefirstdate,o,1,1,
thingsthatscareobama,o,4,17,
nomakeuptuesday,o,1,3,
whatuniversityhastaughtme,o,4,16,
whatblackpeoplereallymean,o,1,2,
saturdaynightonline,o,2,7,
igettiredofpeoplesaying,o,4,13,
songsthatwillalwaysbump,o,4,19,
iwishicouldmeet,o,3,12,
bestfriendsmusicvideo,o,,,
wewontgiveuponaliasad,o,1,1,
textsthatgetyouscared,o,4,17,
imnotfallingforthat,o,1,1,
proudtobecomate,o,1,4,
embaressyourbestfriend,o,4,16,
reasonstolovetexas,o,4,15,
girlfriendsbelike,o,2,7,
describeyourselfwithapicture,o,1,1,
abestfriendwill,o,3,12,
describeyourcrush,o,1,1,
hatersontheinternet,o,4,16,
mymomwouldbeatmyassif,o,1,3,
mylatenightthoughts,o,1,3,
oneofmyfavoritemoviesis,o,1,1,
kissyouvideolaughs,o,4,19,
twowordsblackpeoplefear,o,4,17,
asdrakewouldsay,o,1,3,
mentionsomeonecutesmile,o,3,11,
50thingsaboutmytwitterbestfriend,o,1,3,
yeahilovethat,o,4,19,
whatdoesthefoxsay,o,1,3,
replacebandnameswithpenguin,o,1,4,
ivenoticedthat,o,1,1,
sexythingsgirlsdo,o,4,19,
thatssoravenmemories,o,4,19,
tweetapictureofyourboyfriend,o,1,4,
haitianpronounciations,o,1,3,
reasonstogetnaked,o,4,16,
celebcalls,o,,,
yieldtonone,o,2,8,
thelastpartyever,o,4,19,
initialsofsomeoneicareabout,o,1,3,
imaweakfor,o,4,19,
wearethepeople,o,1,3,
mixedraceproblems,o,4,19,
myworstfearis,o,4,17,
ladiesloveitwhen,o,4,15,
ifafricanshadarealityshow,o,3,12,
telldaveeverything,o,1,3,
iswearihatewhenpeople,o,4,16,
87books68days,o,1,3,
weallhavethat,o,4,15,
mentionsomebodybeautiful,o,1,1,
favouritechildhoodbook,o,2,6,
waystobeginsex,o,3,11,
textmethat,o,1,3,
tweetyourbiggestfear,o,4,17,
youaremoreatractiveif,o,1,3,
describeurexusingonlymovietitle,o,1,1,
annoyingfbgirl,o,4,13,
igowowwhen,o,4,19,
thingsblackpeopletakeseriously,o,4,13,
thatonepersoninschool,o,1,6,
givingtuesday,o,1,3,
givingtuesday,o,1,3,
menitonsomeoneyourethankfulfor,o,4,15,
strugglesofbeingcanadian,o,4,13,
givingtuesday,o,1,3,
thingsnottodoafterabreakup,o,2,7,
19yearsoffriends,o,4,19,
twitterfiction,o,1|4,,
fresheyes,o,4,14,
1forthemostcountry,o,1,4,
mentionthepersonthatyouloveontwitter,o,1,1,
backwheniwaslittle,o,4,19,
wecouldbelike,o,1,3,
notonemore,o,4,19,
ladylessons,o,2,7,
thoughtduringschool,o,3,12,
whitemomscatchphrase,o,3,11,
youprobablyshouldnt,o,2,7,
destroythejoint,o,4,16,
ihaveaweakaspotfor,o,4,19,
mentioncutepeopleontwitter,o,1,3,
mentionyourfaves,o,1,3,
terrifyingifliteral,o,4,17,
biggerbootyprobs,o,3,11,
fatherlesssons,o,3,10,
canibehonestwithyou,o,4,15,
iftwitterdidntexistanymore,o,4,19,
wordsafterbreakup,o,4,19,
mentionsomebodyyoulove,o,1,3,
youknowyoureaussiewhen,o,1,1,
thingswhiteparentssay,o,1,3,
femalesbelike,o,2,7,
powermovesonly,o,,,
favorite,0,0,0,
comebackhome3rdwin,o,1,1,
typesofrelationships,o,4,15,
typicalloveproblem,o,4,19,
TheWorldsUgliestUniforms ,o,4,,
TheWorldsWorstNegotiator,o,4,,
getarealjobbitch,o,4,,
TheWorseGameRefereeEver,o,4,,
TheWorst#N##N#√¢‚Ç¨≈ì@KinsZilla:,o,4,,
TheWorst#N##N#√¢‚Ç¨≈ì@foreigncvrrency:,o,4,,
TheWorstFeelingEver√¢‚Ç¨¬ù{,o,4,,
TheWorstHasHappened,o,4,,
TheWorstHockeyFansOnThePlanet,o,4,,
TheWorstKindOfTorture,o,4,,
TheWorstMayorEver,o,4,,
TheWorstModeratorEver ,o,4,,
TheWorstOnBookTour ,o,4,,
TheWorstPartOfLiving#N##N#I 0,o,4,,
TheWorstPlaceToTurnIntoTheHulk 0,o,4,,
TheWorst√¢‚Ç¨¬ù#DumTweet 0,o,4,,
TheWortIsWorthIt√¢‚Ç¨¬ù 0,o,4,,
getbackyoubastardsI'marmed...you'renottakingthisfromme!!! 0,o,4,,
getboredtooquick 0,o,4,,
TheYearOfLivingDangerously 0,o,4,,
getcourageous#N#When 0,o,4,,
getdressedforsuccess 0,o,4,,
getdresseduptogetmessedup 0,o,4,,
TheYesMovementisBack 0,o,4,,
getexcitedy'all 0,o,4,,
The_End_of_The_World! 1,o,4,,
gethardmotherfukers 0,o,4,,
getharperthefvckoutofoffice 0,o,4,,
gethefunkoutofmyface 0,o,4,,
getsomefear 0,o,4,,
getsomelove 0,o,4,,
TheirBloodCriesOut 0,o,4,,
getspissedeverynight 0,o,4,,
TheirLossNotHers 0,o,4,,
TheirLoveWillNeverFade 0,o,4,,
TheirPitchIsWorseThanCroshaw!!!! 0,o,4,,
getthat$hitouttahere 0,o,4,,
getthatdirtoffyashoulder 0,o,4,,
getthatdogoutofmysight 0,o,4,,
getthatglueystickystuffoutofmyfood ,o,4,,
TheeseBitchesOutrageous ,o,4,,
getonthebusbitch! ,o,4,,
getonmylevelbitchhh ,o,4,,
Thedeathofreason..We ,o,4,,
ThecourtshaveheldthatmarriedcoupleshavetherighttoBEGETchildren.,o,4,,
getoffmebitch‚Äù ,o,4,,
Theboysarebackintown#Viper#builtwithLove ,o,4,,
getmesomereflove ,o,4,,
Thebestthingever#N##FWG_DHOTFAM ,o,4,,
Thebestthingever ,o,4,,
ThebestthingEver@thabza4nikdeep ,o,4,,
Thebestofrivals#Hero's#Winning&amp;thehellofit 0,o,4,,
getloverdonewith 0,o,4,,
getlovemesorap#N#i 0,o,4,,
getlovejoyback 0,o,4,,
ThebBestDefenseIsAGoodOffense 1,o,4,,
getjessiepregnant2015 0,o,4,,
TheatreProblems‚ÄùnopeüòÇ 0,o,4,,
TheatreProblems‚Äùbig 0,o,4,,
gettheheckhome 0,o,4,,
TheatreProblems‚ÄùOMG 0,o,4,,
TheatreProblems‚ÄùME 0,o,4,,
getthehelloffmylawn 0,o,4,,
getthehellon 0,o,4,,
getthehelloutofTO 0,o,4,,
getthehelloutofamericaobama 0,o,4,,
getthehellover 0,o,4,,
getthehellup 0,o,4,,
TheatreProblems‚Äù#N#yes 0,o,4,,
getittogetherbitch 0,o,4,,
getthisbitcharissue 0,o,4,,
getthisbitchjennycraig 0,o,4,,
getthiscrazybitchoffme 0,o,4,,
getthisdraftright 0,o,4,,
getthisdriverofftheroad 0,o,4,,
getthisdudefired 0,o,4,,
getinthetrunkbitch 0,o,4,,
getinthekitchenbitch 0,o,4,,
Theanxietyiskillingme 0,o,4,,
getinthecaryoufatbitch 0,o,4,,
The_story_of_love#N#TheStoryOfLove#N#https:\/\/t.co\/VjJXI7B3fj 0,o,4,,
Themasteryoflove 1,o,4,,
gettingveryfedup 0,o,4,,
gettingthefeelingsback 0,o,4,,
ThemResultsAreGonnaShockPeople 0,o,4,,
gettingreadyforthetour 0,o,4,,
gettingreadyforasecondadventure. 0,o,4,,
ThemMyLoves‚Äù 0,o,4,,
gettingmyyouthback 0,o,4,,
gettingmystrengthback 0,o,4,,
gettingmyjobback 0,o,4,,
gettingmeinterested. 0,o,4,,
ThemDamnLesbians 0,o,4,,
gettingluckyagain 0,o,4,,
TheWestsideExperience 1,o,4,,
genuinelysoundsbad 0,o,4,,
TheWhiteManWouldScalpHimToo. 0,o,4,,
genuinlyfreakingout 0,o,4,,
geoffhatestimesquare 0,o,4,,
TheWildHairExperience! 1,o,4,,
geriatricslovewickedwillows 0,o,4,,
TheWinterStruggleIsReal 1,o,4,,
TheWinterThatWon'tEnd! 0,o,4,,
gerlerozstruggles 0,o,4,,
germanylovescimorelli 0,o,4,,
germanymissesyou 0,o,4,,
germanyworldchampions 0,o,4,19,
germsonlyhygienistslove 0,o,4,,
geronimoiloveyou 0,o,4,,
TheWonderOfPork 0,o,4,,
TheWonderOfScripture 1,o,4,,
TheWonderOfSocialMedia 1,o,4,,
getAHoleInyourHead 0,o,4,,
TheWonderfulWorldofTV 1,o,4,,
TheWorld'sTallestMan 1,o,4,,
TheWorldAintSeenLoveLikeThis 0,o,4,,
TheWorldContinues2DoNothing 0,o,4,,
TheWorldIsFullOfFakeProducers 0,o,4,,
TheWorldLovesZiva 0,o,4,,
TheWorldNeedsLove‚ù§ ,o,4,,
getridofthe3 0,o,3,,
getridofthebeard 0,o,3,,
getridofthebush 0,o,3,,
getridofthecolonel 0,o,3,,
getridofthecones 0,o,3,,
getridofthecrazy 0,o,3,,
getridofthegoodsingers 0,o,3,,
getridofthegrime 0,o,3,,
getridoftheman 0,o,3,,
getridofthenoong 0,o,3,,
getridoftheshirt 0,o,3,,
getridofthetrophycabinet 0,o,3,,
getridofthevan 0,o,3,,
getridofthewonks 0,o,3,,
getridofthisfool 0,o,3,,
getridofthisruleatnextAGM 0,o,3,,
getridofthistweet 0,o,3,,
getridofthosekhackis 0,o,3,,
getridoftyga 0,o,3,,
getridofugtt 0,o,3,,
getridofuniform 0,o,3,,
getridofunions 0,o,3,,
getridofunionsinCA 0,o,3,,
getridofweirdEd 0,o,3,,
getridofyork 0,o,3,,
getridofyouposhelitetwats 0,o,3,,
getridoneMP 0,o,3,,
geteducatedbeforeyouspewhate 0,o,3,,
geteducatedfortheloveofgould 0,o,3,,
geteducatedinmusic 0,o,3,,
geteducatedintheLord 0,o,3,,
getdriverslisence 0,o,3,,
getdrobtheball 0,o,3,,
getdrunk#gethigh 0,o,3,,
getdrunkbutdontgotojail 0,o,3,,
getdrunkeatpoutine 0,o,3,,
getdrunkfastwhendrinkingduvel 0,o,3,,
getdrunkfeeldizzy 0,o,3,,
getdrunkwithdrseuss 0,o,3,,
getdrunkwiththeband 0,o,3,,
getcraigtocroatia 0,o,3,,
getcrawfordto677k 0,o,3,,
getcrazybecauseyoudeserveit 0,o,3,,
getcrazyinmatch 0,o,3,,
getcreativeatx 0,o,3,,
getcreativeinthedark 0,o,3,,
getcrystalofftwitter 0,o,3,,
getcthulhuout! 0,o,3,,
getcultured√¢‚Ç¨¬ù9 0,o,3,,
getcurrentwiththetimes 0,o,3,,
getcurtisto5k 0,o,3,,
getcustomfitted 0,o,3,,
getcuteasftomorrow 0,o,3,,
getcutetocleanup 0,o,3,,
gettoknowthemount 0,o,3,,
gettoknowtheofficeneighbours 0,o,3,,
gettoknowthesdkfam√¢‚Ç¨¬ùnov 0,o,3,,
gettoknowyou! 0,o,3,,
"gettoknowyourcurator""√¢‚Ç¨¬ù"" 0",o,3,,
gettoknowyourenemy 0,o,3,,
gettolayunderneaththestars 0,o,3,,
gettreatedlikeanadult 0,o,3,,
gettrendingworldwide 0,o,3,,
gettrevordouglasverified 0,o,3,,
geturmoneybooboo 0,o,3,,
geturmoneymihijo 0,o,3,,
geturmoneyup 0,o,3,,
geturownfollowers 0,o,3,,
getused2polident 0,o,3,,
getusedtobeingthere 0,o,3,,
getusedtodisappointment 0,o,3,,
"getusedtoit"" 0",o,3,,
getusedtonosleep!! 0,o,3,,
getusedtoseeingthis 1,o,3,,
getusedtothatinNica 0,o,3,,
getusedtothenewnormal 0,o,3,,
getusetothedollarmenu 0,o,3,,
getusetothis 0,o,3,,
getwellWanga 0,o,3,,
getwellfastSolena 0,o,3,,
getwellgetwellsoonwewantyoutogetwell 0,o,3,,
getwellhatdy 0,o,3,,
getwellingtonson 0,o,3,,
getwelljerruh 0,o,3,,
ThenEatItAll 0,o,3,,
getwelljonknight 0,o,3,,
getwellkiddies 0,o,3,,
getwelllilbeastie 0,o,3,,
getwellmikewallace 0,o,3,,
getwellsagarika 0,o,3,,
getwellsooduper 0,o,3,,
getwellsoomzayn 0,o,3,,
getwellsoon#N##PrayForAugust 0,o,3,,
givemoneytoacharityyoutrust 0,o,3,,
givemoredemandless 0,o,3,,
givemorelove 0,o,3,,
givemoremoneytodaddy 0,o,3,,
givemorethanmoney 0,o,3,,
givemorethanwetake 0,o,3,,
givemorethanyoutake 0,o,3,,
givemoretoexeter 0,o,3,,
givelosmatadoresachance 0,o,3,,
givelouisabuzz 0,o,3,,
givelovetothebiguglies 0,o,3,,
givemaddieagrammy 0,o,3,,
givemangoyourenergy 0,o,3,,
givemarkachance2k15√¢‚Ç¨¬ù√∞≈∏Àú‚Äö√∞≈∏Àú‚Äö√∞≈∏Àú‚Äö√∞≈∏Àú‚Äö√∞≈∏Àú‚Äö√∞≈∏Àú‚Äö√∞≈∏Àú‚Äö√∞≈∏Àú‚Äö 0,o,3,,
givemarshawntheball 0,o,3,,
givemarvelbacktheff 0,o,3,,
givemasonhisownccsfoundation 0,o,3,,
givekarahabigfatraise 0,o,3,,
givekardishacall 0,o,3,,
givekevinthemic 0,o,3,,
givekmooncredit 0,o,3,,
giveknockyanewcontract 0,o,3,,
givekpopachance 0,o,3,,
givekuwaitontheroadagaintour 0,o,3,,
givekwongachance 0,o,3,,
givelambertastart 0,o,3,,
givelanceatbats? 0,o,3,,
givelifebacktomusic 0,o,3,,
giveitheart 0,o,3,,
giveithere! 0,o,3,,
giveitheremalfoy 0,o,3,,
giveitmyall. 0,o,3,,
giveitmybesthot 0,o,3,,
giveitourbest 0,o,3,,
giveitout 0,o,3,,
giveitringo 0,o,3,,
giveitroot 0,o,3,,
giveitscullymonday 0,o,3,,
giveitsomethought 0,o,3,,
giveanimalsavoice 0,o,3,,
giveanimalsthevote 0,o,3,,
giveanoldjokeahome 0,o,3,,
giveanotherdivaachace 0,o,3,,
giveanothertry 0,o,3,,
giveanythingago√∞≈∏Àú≈í 0,o,3,,
giveaporkscatchinahome. 0,o,3,,
giveapoucharide 0,o,3,,
givearaptorahome 0,o,3,,
givearookiegoalieabreak 0,o,3,,
giveartiststhepaymenttheydeserve2k15 0,o,3,,
giveabeatingonabudget 0,o,3,,
giveabiggerwhistlethanalittlewhistleforthelongweekend 0,o,3,,
giveabinahug 0,o,3,,
giveabittakeabit 0,o,3,,
giveaboyachance 0,o,3,,
giveabrothaachance 0,o,3,,
giveabrotherabreak,o,3,,
geturownfollowers 0,o,3,,
geturefactsstraight 0,o,3,,
geturaccentsright 0,o,3,,
getupoutmytwitter 0,o,3,,
getuponyourfeet 0,o,3,,
getuponthatstagegirl 0,o,3,,
getupnwatchthesunrise 0,o,3,,
"getupgethealthy"" 0",o,3,,
getupfrontanddrive 0,o,3,,
getupearlyer 0,o,3,,
getyourpitchforks 0,o,3,,
getyourplugsin 0,o,3,,
getyourpopcornready√¢‚Ç¨¬ù. 0,o,3,,
getyourprioritesstraight 0,o,3,,
getyourprioritiesinordertwitter 0,o,3,,
getyourprioritiesrightbarnaby 0,o,3,,
getyourscienceon 0,o,3,,
getyourscienceright 0,o,3,,
getyourselfadayjob 0,o,3,,
getaJamesBondhaircut 0,o,3,,
get_the_handbook 0,o,3,,
get_her_number_smoothly 0,o,3,,
get_it_next_time 0,o,3,,
get_rid_of_locker_codes 0,o,3,,
getYourOwnHashtag 0,o,3,,
getYourQuestionsAnswered 1,o,3,,
getYourTissuesPeople 0,o,3,,
getYourWaistTrainerOut 0,o,3,,
getYourfactsright 0,o,3,,
getYourHeadChecked 0,o,3,,
getYourArseOffTheBed 0,o,3,,
getYourArsesIntoGear 0,o,3,,
getWithItStoops 0,o,3,,
getThickerskin 0,o,3,,
getYOURhouseholdinorder 0,o,3,,
getVickytoParis 0,o,3,,
getYoFactsStraight 0,o,3,,
getTrentandLuketo100k 0,o,3,,
getURheadsINtheGAME 0,o,3,,
getURkidsundercontrol 0,o,3,,
getTannerOnSportsCenter‚Äù 0,o,3,,
getTashastealShawn 0,o,3,,
getThatWin 0,o,3,,
getTheDemonOut 0,o,3,,
getTheFridayFeeling 0,o,3,,
getTheHotCakes 0,o,3,,
getTheMafsAseries 0,o,3,,
getTheMostOutofLife 0,o,3,,
getTheReference 0,o,3,,
getTHEgreyCUP 0,o,3,,
getTATonTheAnnouncements 0,o,3,,
getStrogintheAyrshireTeam 0,o,3,,
getRecharged.,o,3,,
getOutOfYourFeelings 0,o,3,,
getOutOrDieTryin 0,o,3,,
getOutTheGame 0,o,3,,
getOutTheVote 0,o,3,,
getOutDilma 0,o,3,,
getNealtotheHills 0,o,3,,
getMeCoat 0,o,3,,
getMaariacoffee 0,o,3,,
getLaurenverified 0,o,3,,
getKBsomehelp 0,o,3,,
getKamoffTwitter 0,o,3,,
getKateashow 0,o,3,,
getItForward 0,o,3,,
getItOutOfTheWay 0,o,3,,
getItStarted 0,o,3,,
getItTogetherBeforeILeave 0,o,3,,
getIntoIt 0,o,3,,
getHerOnThePhone 0,o,3,,
getHarryontwitter 0,o,3,,
getHERname 0,o,3,,
getAnEducation 0,o,3,,
getitonthemenu. 0,o,3,,
getitontheplaylist 0,o,3,,
TheatreKidTrainWreck 0,o,3,,
getitonlineE 0,o,3,,
getitnexttime 0,o,3,,
getitoffthebooks 0,o,3,,
getitfromme‚ÄùüòÇ 0,o,3,,
getitfixednow 0,o,3,,
getitfilthy 0,o,3,,
getitdownyourneck 0,o,3,,
getitdoneüèà 0,o,3,,
getitdoneorgetfired 0,o,3,,
getitcrushed 0,o,3,,
getitbackinorder 0,o,3,,
getitbackupnorth 0,o,3,,
getinmysuitcase 0,o,3,,
getinlinegentlemen 0,o,3,,
getinarowboat 0,o,3,,
getillandtakemeds 0,o,3,,
gethuntertolamar 0,o,3,,
gethypedforcricket 0,o,3,,
getabottleopener 0,o,3,,
getabloodylovelife 0,o,3,,
getabettermanager 1,o,3,,
getmoreclubsoda 0,o,3,,
getmorelemons 0,o,3,,
getmorepieces 0,o,3,,
getmoresnacks 0,o,3,,
getmorestuffin 0,o,3,,
wearemessi 0,o,1,,
congratsjustinandhailey 0,o,2,,
ourkashmirwedecide 0,o,2,,
funfactoftheday 0,o,1,,
playofthenight 0,o,1,,
girlslikeitwhen 0,o,2,,
gentlemansestabliahment 0,o,2,9,
georgebestofcycling 0,o,2,9,
georgeistheroastmaster 0,o,2,9,
georgesgreatstreet 0,o,2,9,
georgetownbestpracticemission 0,o,2,9,
georgewasmyfave 0,o,2,9,
gersisstabbingskillz 0,o,2,9,
TheWolvesAreAwesome 0,o,2,9,
TheWomenAreRising 0,o,2,9,
TheWorldIsNowAwareOfYourAwesomeness! 0,o,2,9,
TheWorldNowKnowsHowMeanYouAre 0,o,2,9,
The_Emergence_of_Young_Gunner 0,o,2,9,
TheamaingBruceWills 1,o,2,9,
TheatersWithAlcoholAreAwesome 0,o,2,9,
TheatreAtItsBest 1,o,2,9,
TheseBitchesDontPhaseMe 0,o,2,7,
TheseBitchesKnow 0,o,2,7,
TheseBitchesLoveHossa 0,o,2,7,
TheseBitchesSumnElse 0,o,2,7,
TheseFoodAllergies 0,o,2,7,
TheseFriendsAreLikeFamily 0,o,2,7,
TheseFyshasAintLoyal 0,o,2,7,
TheseGirlSAntLoyal 0,o,2,7,
TheseHoSAintLoyal 0,o,2,7,
TheseHoeaAintLoyal 0,o,2,7,
TheseHoesAintLoyal1993-ForEver 0,o,2,7,
TheseHoesArentLoyal 0,o,2,7,
TheseHoesRLoyalll 0,o,2,7,
TheseHoesReallyAreNotLoyal 0,o,2,7,
TheseHoodiesAintLoyal 0,o,2,7,
TheseIsWhatIWant 0,o,2,7,
TheseJoesAreLoyal 0,o,2,7,
TheseKnicksAintLoyal 0,o,2,7,
TheseLoansAintLoyal 0,o,2,7,
TheseManWhoresAintLoyal‚Äù 0,o,2,7,
TheseMansAin'tLoyal 0,o,2,7,
TheseMechanicsAintLoyal 0,o,2,7,
TheseMeetingsAreWorthTheirWeightInGold 0,o,2,7,
TheseNiggasAintLoyalAtAll‚Äù 0,o,2,7,
TheseNiggasAintYaFriends 0,o,2,7,
TheseNiggasFrauds 0,o,2,7,
TheseNiggsaReallyAintForMe2015‚Äù 0,o,2,7,
TheseNonArmeniansAintLoyal 0,o,2,7,
TheseTypeOfPplSeriously. 0,o,2,,
TheseYoungLadiesAintLoyal 0,o,2,7,
TheseLadiesAintLoyal 0,o,2,,
TheseTrucksAintLoyal 0,o,2,,
TheseTypeOfPplSeriously. 0,o,2,,
TheseVansAintLoyal 0,o,2,7,
TheseVeggiesAreCrazy 0,o,2,8,
Theticketswerefree 0,o,2,9,
Theuluruthingwasweird 0,o,2,7,
Thewholeworldwatches 0,o,2,9,
Thewayyoulooktonight 0,o,2,9,
neverbealoneonitunes 0,o,3,11,
Thewayyoumakemefeel 0,o,2,8,
eleanorisbeautiful 0,o,2,9,
4yearsofshawnmendes 0,o,1,,
addaworddestroyasong 0,o,3,,
revoltagainstrahul 0,o,1,,
girlswhodiet 0,f,4,,
girlswhodocommunityservice 0,f,4,,
girlswhoeatcustard 0,f,4,,
girlswhoeatpizza 0,f,4,,
girlswhofixthings 0,f,3,,
girlswholikeshortguys 0,f,5,,
girlswholovefootball‚Äù 0,f,5,,
girlswholovehorror. 0,f,4,,
girlswhospeakspanish 0,f,3,,
girlswhostream 0,f,4,,
girlswhosweep 0,f,3,,
girlswhotalktomyboyfriend 0,f,4,,
girlswhowatchfootball 0,f,4,,
girlswhowearjordans 0,f,3,,
girlswhowearleggingsarenttough 0,f,3,,
girlswhowearsweatpants 0,f,3,,
girlswhowearthesameclothes 0,f,3,,
girlswillbehatingevenmore 0,f,3,,
girlswithbeautifuleyes 0,f,1,,
giulianiobamacomments 0,f,1,,
give-me-everything 0,f,1,,
giveAlanashoutout! 0,f,1,,
giveAshesiAcharter 0,f,1,,
giveBajablackcard 0,f,1,,
giveCelebrateMarian! 0,f,1,,
giveCosmoABell's 0,f,1,,
giveDezagooddeal 0,f,1,,
giveEmHellBernie. 0,f,1,,
giveFACTachance 0,f,3,,
giveFitzabreak 0,f,3,,
giveFoxesandHoops3pointstohelpsendViledown 0,f,1,,
giveGlory2theLord 0,f,1,,
giveHIMakiss 0,f,3,,
giveHimARose 0,f,3,,
giveHimTime 0,f,1,,
giveIrelandachance 0,f,3,,
giveItAtLeastADayB4UChirpz 0,f,1,,
giveItToYou 0,f,1,,
giveItaDayItWillChange 0,f,1,,
giveKOTRachance 0,f,3,,
giveKatachildhood 0,f,3,,
giveLevaAChance 0,f,3,,
giveMEsomeLOVEnot1984 0,f,1,,
giveMattasecondchance 0,f,3,,
giveMeAReason 0,f,3,,
giveMeAnR 0,f,3,,
giveMeLife 0,f,3,,
giveMeMyCousinBack 0,f,3,,
giveMeMyQuarter 0,f,3,,
giveMeOneChance 0,f,3,,
giveMeSome 0,f,3,,
giveMyHatBack‚Äù 0,f,1,,
givePGachance 0,f,3,,
givePeaceachance 0,f,3,,
givePrincePhillipabreak 0,f,1,,
giveRyderachance 0,f,3,,
giveSlaterAChance 0,f,3,,
giveThemAChance 0,f,3,,
giveUsAChance 0,f,3,,
giveYourTamponsToVampires 0,f,3,,4
giveabandacamera 0,f,1,,
giveabeatingonabudget 0,f,3,,
giveabiggerwhistlethanalittlewhistleforthelongweekend 0,f,1,,
giveabinahug 0,f,1,,
giveaboyachance 0,f,3,,
giveabrothaachance 0,f,3,,
giveabrotherabreak. 0,f,3,,
giveachildanightmare 0,f,3,,
giveafollowplz 0,f,1,,
giveaguyabreakinlife 0,f,3,,
giveaheelstomp 0,f,1,,
giveahomieachance 0,f,4,,
giveahookreadaspook 0,f,1,,
giveakidalike 0,f,1,,
giveakidhighfive 0,f,1,,
giveakidneyforanightwithher 0,f,1,,
givealambahome!! 0,f,4,,
giveall20clubsequaltvtime 0,f,4,,
giveallyearround 0,f,1,,
giveamanhismoment 0,f,4,,
giveamugahug 0,f,1,,
giveanimalsavoice 0,f,1,,
giveanimalsthevote 0,f,1,,
giveanoldjokeahome 0,f,4,,
giveanothertry 0,f,1,,
giveashitlevelisatzero 0,f,1,,
giveashyourseflie 0,f,4,,
giveasinglemumabreak 0,f,2,,
giveasyougrow 0,f,1,,
giveasyoulive 0,f,1,,
giveatreeahug 0,f,1,,
giveawaiteralaughday 0,f,1,,
giveawarningfirst 0,f,1,,
giveawarningnexttime 0,f,1,,
giveaway.RT&amp;follow: 0,f,1,,
giveawayPerfectSHARKK¬Æ40W 0,f,1,,
giveawayhypeisreal 0,f,3,,
giveawayoftheyear 0,f,4,,
giveawaysallday 0,f,1,,
giveawayshelpcontest 0,f,1,,
TheseThotsCouldntStripAnyway 0,f,1,,
giveayouwings 0,f,4,,
givebackcrawfordsaccount 0,f,1,,
givebackmovement 0,f,1,,
givebackmysocks#imbetterthanu 0,f,1,,
givebackourgame 0,f,4,,
givebackourland 0,f,4,,
givebackourlengendary 0,f,4,,
givebackphilippines 0,f,1,,
givebackstehensjacket2k15 0,f,1,,
givebacktothegame 0,f,4,,
givebacktothepoor 0,f,4,,
givebacktourcountry 0,f,4,,
givebackyourfancard 0,f,4,,
givebeardsasay 0,f,1,,
givebeastmodetheball 0,f,1,,
givebenavoice 0,f,3,,
givebetterwarnings 0,f,1,,0
TheseVagabondShoes 0,f,1,,
givecaniachance 0,f,1,,
givecathyhermoneyback 0,f,1,,
TheseWillBeMyVows 0,f,1,,
givechangeachance 0,f,4,,
givecheltsachance 0,f,1,,
givechildrenachildhood 0,f,1,,
givechzachance 0,f,1,,
givecoinstome 0,f,4,,
givecommercialsachance 0,f,4,,
giveconortickets 0,f,1,,
givecrawfordhisaccback 0,f,4,,
TheseYoungunsAndTheirMusic 0,f,1,,
Thesearen'trefurbes 0,f,4,,
TheseareschoolgirlsinNiger 0,f,1,,
ThesearetheDJsyouarelookingfor 0,f,1,,
ThesecretHeartbeatofamerica 0,f,1,,
Thesecretislaughter 0,f,1,,
Thesecretlifeofanamericanteenager 1,f,3,,
Thesecretlifeofanamericanteenager 1,f,3,,
Theseguysareslow 0,f,1,,
Thesekidshavenoidea 0,f,3,,
Thesewannabehoesaintloyal 0,f,1,,
Thesignsaiditall 0,f,1,,
Thesimplethingsinlife 0,f,1,,
Thesinglelifestruggle 0,f,3,,
ThesisClickvait 0,f,1,,
ThesisOnTheBachelor 0,f,3,,
Thesizeofsoybeans 0,f,1,,
Thesnowmustgoon 0,f,1,,
Thesoundofsuccess 0,f,1,,
Thesouthwillriseagain 0,f,1,,
ThespianInTraining 0,f,1,,
ThespiansConnectThroughCyberSpace 0,f,1,,
Thestableforwinners. 0,f,3,,
ThestartersAndThePuddings....... 0,f,1,,
Thestrongestoppositioneva 0,f,3,,
ThestruggleInBeingBlack 0,f,1,,
Thestrugglesofagoodman 0,f,1,,
Thestupidthingsscrawniesays‚Äù 0,f,1,,
Thesummerisours 0,f,2,,
Thesunisnotyourfriend 0,f,2,,
Thesunwillcomeoutomorrow 0,f,2,,
Thesuperhuman#N#Woooooooowwwwwwwwwww 0,f,1,,
Thesuperhuman.......v 0,f,1,,
Thesuprthumanthroughmeditation 0,f,1,,
Thethingswedoforwifi 0,f,3,,
givemeyourmoneyandIwillletyoulive 0,f,3,,
Thethirstisreal! 0,f,2,,
ThethreeMusketeers 0,f,1,,
Thetideaustinfollowspree 0,f,1,,
Thetoasteroffire 0,f,1,,
Thetruthhasnochill‚Äù 0,f,3,,
Thetruthhurtsbabes 0,f,3,,
Thetruthishestrash 0,f,3,,
Thetruthmarcheson!!! 0,f,1,,
Thetruthtoldontwitter?? 0,f,3,,
Thetruthwillbeexposed 0,f,2,,
TheusticeOfInjustices 0,f,3,,
ThevampsRuinedMyLife 0,f,5,,
Thevampstomalaysia 0,f,1,,
Thevampsvip#N#PLEASE 0,f,5,,
Thevintagecosmeticco 0,f,1,,
Thevirginway.#N##50:50 0,f,1,,
Thevoiceontvsoon 0,f,4,,
Thewaitisdisturbing 0,f,3,,
Thewalkingdead!!!! 0,f,1,,
Thewalkingdeadisreal 0,f,5,,
ThewayGovUKdoesit 0,f,1,,
Theweirdgetweirder 0,f,5,,
giveusbackourwarehouse 0,f,3,,
giveusbackthebeautifulgame 0,f,3,,
ThewifeisfunnyasMelandSue 0,f,1,,
votefifthharmony 0,f,1,,
theyretheone 0,f,1,,
votelittlemixuk 0,f,1,,
britonedirection 0,f,1,,
onedirectionbrit 0,f,1,,
peachesfollowtrain 0,f,3,,
5secondsofsummer 0,f,1,,
voteonedirection 0,f,1,,
teamfollowback 0,f,1,,
closeupforeversummer 0,f,1,,
follow2befollowed 0,f,3,,
motavatormonday 0,f,1,,
celebrityawards2015 0,f,1,,
followmejosh 0,f,1,,
20daysofdallas 0,f,1,,
preorderreflectiononitunes 0,f,1,,
wolfonmoviesnow 0,f,1,,
onetreehill 0,f,1,,
walkaway5days 0,f,1,,
biggestfashionsaleever 0,f,1,,
letsnotbealonetonight 0,f,3,,
woulduloveme 0,f,3,,
kidinloveatmidnight 0,f,1,,
lovetoseemsg13feb 0,f,4,,
shawnsfirstheadlines 0,f,1,,
apieceofme 0,f,1,,
romeoplaystitches 0,f,1,,
hollywoodmusicawards 0,f,1,,
superwomaninmumbai 0,f,1,,
themoreyouknow 0,f,1,,
internationalwomensday 0,f,1,,
thestruggleisreal 0,f,1,,
captainamericaonstarmovies 0,f,1,,
fullonfashionatsnapdeal 0,f,1,,
shotstonumberone 0,f,1,,
saturdaynightonline 0,f,1,,
makeithappen 0,f,3,,
liveformore 0,f,1,,
nashsnewyearsskit 0,f,1,,
neverbealoneofficialvideo 0,f,1,,
hearhollywoodawards 0,f,5,,
masterofallwisdom 0,f,2,,
makesomeonesdayin3words 0,f,1,,
apieceofmeonitunes 0,f,1,,
tellmewhatyouthink 0,f,1,,
walkaway3days 0,f,1,,
msgdoing111welfareworks 0,f,1,,
votefornesha 0,f,1,,
ontheroadagain1d 0,f,1,,
blizzardof2015 0,f,2,,
starworldweekendbinge 0,f,1,,
valentineswithfans 0,f,1,,
digitalbanegaindia 0,f,1,,
seewhatididthere 0,f,1,,
sixseasonsandamovie 0,f,1,,
preorderhandwrittenatmidnight 0,f,1,,
nationalbestfriendsday 0,f,1,,
bringbackourgirls 0,f,1,,
bcozeverydadisdifferent 0,f,3,,
fiftyshadesofgrey 0,f,1,,
onelasttimevideo 0,f,1,,
closeupfreshcrew 0,f,1,,
maleficentonstarmovies 0,f,1,,
happybirthdayjustinbieber 0,f,1,,
onstagewiththevamps 0,f,1,,
internetbestfriendday 0,f,1,,
justinandarianaonshots 0,f,1,,
whataboutloveto100m 0,f,4,,
msghelpearthquakevictims 0,f,1,,
weallareshots 0,f,1,,
liestoldontwitter 0,f,1,,
preordernotanapologyonitunes 0,f,3,,
100kfollowspree 0,f,1,,
therewillbehaters 0,f,3,,
buyblackmagiconitunes 0,f,1,,
caughtyouoncctv 0,f,1,,
cuffmedanny 0,f,1,,
artistoftheyearhma 0,f,1,,
tokiohotelfollowspree 0,f,1,,
thisisstyle 0,f,1,,
ilovesuperjunior 0,f,1,,
50shadesofgrey 0,f,1,,
maythe4thbewithyou 0,f,3,,
canwedanceusa 0,f,4,,
avengersageofultron 0,f,1,,
itstimetobreakup 0,f,5,,
realsaleatcroma 0,f,1,,
givedivasachance 0,f,1,,
maejormeandyou 0,f,1,,
chickenfriesareback 0,f,1,,
jabongpresentsbugatti 0,f,1,,
itsascience 0,f,2,,
vevoaskreply 0,f,1,,
iloveyou 0,f,1,,
wearewithgautam 0,f,1,,
smartviberpublicchat 0,f,1,,
2daysuntilhandwritten 0,f,1,,
amexseasons52 0,f,1,,
madamsecretarywithaxn 0,f,1,,
whatyouthink 0,f,3,,
isupportmsginpunjab 0,f,1,,
24hrsofradissonsweeps 0,f,1,,
5onthewall 0,f,1,,
shotsupdatenextweek 0,f,1,,
bartandnashscontest 0,f,1,,
yeswecan 0,f,3,,
dilkidealonsnapdeal 0,f,1,,
likethatvideo 0,f,1,,
thisgirlcan 0,f,3,,
whataretheodds 0,f,4,,
leadwithgiants 0,f,1,,
savedyouaclick 0,f,1,,
wearethepeople 0,f,1,,
teachmesenpai 0,f,2,,
gotseason5 0,f,1,,
facetimemesteven 0,f,1,,
ontheroadagain2015 0,f,1,,
onelasttimeonitunes 0,f,1,,
marketingthatrocks 0,f,2,,
wontgiveitback 0,f,1,,
wouldulovememusicvideo 0,f,4,,
stitchestvtakeover 0,f,1,,
phoebetommoisthequeen 0,f,2,,
caylenfollowparty 0,f,1,,
thrillnightsonaxn 0,f,1,,
celebratenextwithcroma 0,f,1,,
ThemDwarvesAreComical 0,f,2,,
gettingitright‚Äù 0,f,1,,
ThemContinentsRight 0,f,2,,
1dfamheretostay 0,f,1,,
reflectiontourkickoffspree 0,f,1,,
tomlinsonslaysagain 0,f,1,,
candiscoveranewyou 0,f,2,,
closeupatytff 0,f,1,,
offendeveryonein4words 0,f,1,,
freecommunitycollege 0,f,1,,
shawnsfirstheadlinestickets 0,f,1,,
neoselenahangout 0,f,1,,
marriedatfirstsight 0,f,1,,
wewantfree 0,f,1,,
stopwhitepeople2015 0,f,1,,
womenagainstfeminism 0,f,1,,
stitchesofficialvideo 0,f,1,,
freecharge2020 0,f,1,,
battlefornumber10 0,f,1,,
zaynyouremysuperhero 0,f,1,,
dylancollinsforpresident 0,f,3,,
djpmostwantedconcert 0,f,1,,
addrudyonshotsjustinbieber 0,f,1,,
standupontwitter 0,f,1,,
hardworkpaysoff 0,f,1,,
dazedandconfusedtour 0,f,1,,
meatballs4gameday 0,f,1,,
abcd2in3dthisfriday 0,f,1,,
gautamtowinbiggboss 0,f,3,,
worldwithgautamgulati 0,f,1,,
manwichmondays 0,f,1,,
shawnsfirstheadlinesus 0,f,1,,
istandwithisrael 0,f,1,,
littlemixfridayfeelingfollowspree 0,f,5,,
1991followspree 0,f,1,,
wetriumphstill 0,f,1,,
makeyourmove 0,f,1,,
skypereeceandcharlie 0,f,1,,
ThemGogglesTho 0,f,1,,
gettingmylifebackontrack 0,f,3,,
gettingmylifetogether‚Äù?????????????? 0,f,3,,
gettingmylifetogether‚Äù???????? 0,f,3,,
gettingmyjobback 0,f,3,,
gettingmymoneyworth 0,f,2,,
"gettingnasty""‚Äù#N#??obviously 0",f,3,,
gettingnerdywithit. 0,f,3,,
ThemGrammysTho 0,f,1,,
ThemHawksTho 0,f,1,,
gettingoverherselfgoals 0,f,3,,
gettingpaidbytheday,f,3,,
gettingolderwiserbaker 0,f,1,,
ThemInsideJokesTho 0,f,1,,
ThemJeansWithTheWings 0,f,1,,
ThemKangsWasJustTheBest 0,f,3,,
gettingoldneedssleep 0,f,1,,
ThemKidsGotYouTired‚Äù 0,f,1,,
gettingoldsabitch 0,f,2,,
gettingoldstruggles 0,f,2,,
ThemLettersDon'tFeedYou#THEMLETTERSDON'TCLOTHES 0,f,1,,
gettingoldtooquick 0,f,3,,
ThemLikesTho 0,f,1,,
gettingoldyouknow! 0,f,1,,
gettingpaidtoplaysport 0,f,2,,
gettingpaidtowatchbball 0,f,1,,
gettingonbandwagon 0,f,1,,
ThemLipsThough 0,f,2,,
gettingourclubback 0,f,1,,
gettingourfitnesson 0,f,1,,
gettingourfiton 0,f,1,,
ThemLongBallsMustWork 0,f,2,,
gettingourrevenge 0,f,1,,
itsallabouttheu 0,f,3,,
jmlatelateshow 0,f,2,,
littlemixmarchplaylist 0,f,2,,
whoneedssleep 0,f,1,,
voicesavekoryn 0,f,1,,
allwarsarebankerswars 0,f,2,,
freeplaylistliveticket 0,f,1,,
everyonethinksimweirdbecause 0,f,2,,
habibifollowme 0,f,1,,
happybirthdayparidhisharma 0,f,1,,
kathnielatguillermoawards 0,f,1,,
nashvilleseasonfinale 0,f,2,,
readingisfundamental 0,f,2,,
princessofnorthsudan 0,f,1,,
whatelsecanyouaskfor 0,f,1,,
whohastheanswer 0,f,1,,
brianwilliamswarstories 0,f,1,,
easiersaidthandone 0,f,2,,
happybirthdaynormani 0,f,1,,
nooneunderstaaands 0,f,3,,
tidalfornoone 0,f,1,,
thatescalatedquickly 0,f,1,,
votecrueltyfree 0,f,1,,
whatkilledlucybeale 0,f,1,,
womencrushwednesday 0,f,2,,
30daysofbiking 0,f,1,,
ageisjustanumber 0,f,2,,
generalelection2015 0,f,1,,
got71stfanpartyinbangkok 0,f,1,,
ilovehim 0,f,1,,
honeymoontourdetroit 0,f,1,,
in2hoursican 0,f,3,,
reachout2015 0,f,1,,
youareloved 0,f,1,,
7daysuntiliwantyoutoknow 0,f,1,,
alwayskeepfightingjared 0,f,1,,
emilygokillyourself4calum 0,f,1,,
fannibalfriday 0,f,1,,
happyfridaythe13th 0,f,1,,
racheldoelzal 0,f,1,,
sabfanoftheday 0,f,1,,
twitterheritagewalk 0,f,1,,
allmoneyin 0,f,1,,
asksallux 0,f,1,,
askthebrofessor 0,f,1,,
dressingroomtrailorselfie 0,f,2,,
dazedandconfusedmusicvideo 0,f,2,,
donttreadonme 0,f,1,,
foreverasarabethfan 0,f,1,,
ijusflewn 0,f,1,,
itsrealgoodforme 0,f,1,,
justiceforall 0,f,2,,
justiceformarinea 0,f,1,,
makesyouthink 0,f,1,,
quotethiswithapictureofus 0,f,1,,
riogohardoutnow 0,f,1,,
andrewforpresident 0,f,4,,
askmadridtop8 0,f,1,,
deanlemonfollowspree 0,f,2,,
footballmumoftheyear 0,f,1,,
expecttheunexpected 0,f,1,,
letthatsinkin 0,f,1,,
mybabysgotasmileonherface 0,f,1,,
shinebrightlikeafrankie 0,f,1,,
traveltheworldinbooks 0,f,1,,
amanisknownbyhisshoes 0,f,2,,
chasinafteryou 0,f,1,,
dontwannafallasleep 0,f,1,,
excitingtimesahead 0,f,4,,
hungarylovesonedirection 0,f,1,,
igotitjames 0,f,1,,
legendsneverdie 0,f,2,,
littledressup 0,f,1,,
myactofkindness 0,f,1,,
prettyonfleek 0,f,1,,
raininginmyheart 0,f,1,,
showyourstripes 0,f,1,,
skinnygirlappreciation 0,f,1,,
twofortuesday 0,f,1,,
wearegiant 0,f,1,,
doorwaytodistinction 0,f,1,,
fictionaldeathsillnevergetover 0,f,3,,
happybirthdayatif 0,f,1,,
inyourdreams 0,f,1,,
onebigsession 0,f,1,,
saveourbbc 0,f,1,,
shakeitup 0,f,1,,
canthandleit 0,f,1,,
loveinitpak 0,f,1,,
morethanwords 0,f,1,,
moveitmonday 0,f,1,,
notgoingtohappen 0,f,3,,
ohnohedidnt 0,f,1,,
thankyouladyspikers 0,f,1,,
theflashseasonfinale 0,f,1,,
whatsupwiththat 0,f,1,,
wishitwasaprank 0,f,3,,
boutthatlife 0,f,1,,
buysledgehammeronitunes 0,f,1,,
kimcoatessaturday 0,f,1,,
keepitcoming 0,f,1,,
thepeoplesstrictly 0,f,1,,
whoisjenius 0,f,1,,
winatnewyear 0,f,1,,
10yearsofswift 0,f,2,,
comebackweekend 0,f,1,,
choosebeautifultogether 0,f,1,,
dreamselfboxingmatch 0,f,1,,
ilovefastway 0,f,1,,
lovealwayswins 0,f,2,,
lovemesotonumber1 0,f,1,,
votefithharmony 0,f,1,,
watchnewstitchesnewvideoon 0,f,1,,
1yearofbelieberforlife 0,f,1,,
blameitonthestreets 0,f,1,,
fourfivesecondsvideo 0,f,4,,
foolwiththecamera 0,f,1,,
bestroadselfieever 0,f,2,,
happybirthdaymamawhitesides 0,f,1,,
helpabrotherout 0,f,1,,
hpsharethefun 0,f,1,,
mancandymonday 0,f,1,,
affordablecareact 0,f,,,
doitforthebants 0,f,1,,
forevermoreprofessorx 0,f,1,,
fightsongfriday 0,f,,,
frenchieswantotrat 0,f,1,,
fabulousfuriendsfriday 0,f,5,,
getnaughtboysuspended 0,f,1,,
rttosavealife 0,f,3,,
strongagainstcancer 0,f,1,,
thankssomuch 0,f,1,,
thinkitsagame 0,f,3,,
wewillsee 0,f,4,,
callmepressplay 0,f,1,,
forevermorefirstdate 0,f,2,,
getarealjob 0,f,1,,
georgesquestforworldpeace123 0,f,1,,
miacarlosfirstkiss 0,f,2,,
8daysuntilblackmagic 0,f,1,,
berniesandersforpresident 0,f,2,,
girlsliketoswing 0,f,3,,
grandmothersknowbest 0,f,3,,
iloveadoreme 0,f,5,,
interenetbestfriendday 0,f,2,,
lowlifeajithdisgracetocinema 0,f,1,,
mixupyourmenu 0,f,1,,
opinfinitepatience 0,f,2,,
followthebuzzards 0,f,1,,
globeglad2serve 0,f,2,,
happybirthdayjwy 0,f,1,,
kelloggsbreakfastrecipe 0,f,1,,
plebisciteforkashmir 0,f,1,,
saynototobacco 0,f,1,,
weloveyoujared 0,f,3,,
bamboogigforgiving 0,f,1,,
callmereed 0,f,1,,
dontdothat 0,f,1,,
dontfeedthetrolls 0,f,1,,
followmechris 0,f,1,,
grimmiereleasedate 0,f,3,,
thankyouzayn 0,f,1,,
wearehereforthewanted 0,f,3,,
ericsheppardchallenge 0,f,2,,
happybirthdaymamadre 0,f,1,,
hillaryforprison2016 0,f,3,,
killitwithfire 0,f,2,,
iwokeuplikedis 0,f,1,,
oneballfourwickets 0,f,3,,
thebestofmemovie 0,f,1,,
wewillalwaysloveyouzayn 0,f,3,,
believeitornot 0,f,3,,
snapchatfollowspree 0,f,1,,
useyourrun 0,f,1,,
wantmusicbankinindia 0,f,1,,
bewithbeti 0,f,1,,
hamidspickone 0,f,1,,
ifwomenruledtheworld 0,f,4,,
livebreathebefitness 0,f,1,,
ourblueisbest 0,f,3,,
outofthisworld 0,f,1,,
zoomintojacqueline 0,f,1,,
youknowhowthatshitgo 0,f,2,,
backtothedrawingboard 0,f,1,,
bringbackoursonics 0,f,1,,
emmyforsamheughan 0,f,1,,
keepitmoving 0,f,1,,
proudtobeindian 0,f,1,,
supportyourfriends 0,f,1,,
wherestheptvalbum 0,f,1,,
godhelpme 0,f,1,,
ingodwetrust 0,f,1,,
march2justice 0,f,1,,
murdershebaked 0,f,1,,
notreadyforhillary 0,f,1,,
pennydreadfulseason2 0,f,1,,
saturdayshoutout 0,f,1,,
seewhatwedidthere 0,f,1,,
sorry4theweight 0,f,1,,
uncuffourcops 0,f,1,,
30daystil1989worldtour 0,f,5,,
32daysofmovies 0,f,1,,
austinandallyseason5 0,f,1,,
askconceptkarim 0,f,1,,
inozziewetrust 0,f,1,,
wewantnocontrolasasingle 0,f,3,,
equalityforall 0,f,1,,
penshoppexonedirection 0,f,3,,
kianfollowme 0,f,1,,
stitchesonitunesnow 0,f,1,,
haveagoodrestzayn 0,f,1,,
alexwillpickme 0,f,3,,
buyworthitonitunes 0,f,1,,
indiaweareready 0,f,1,,
lohanthonyfollowme 0,f,1,,
happystpatricksday 0,f,1,,
anaudiencewithunionj 0,f,1,,
flipkartthanksyou 0,f,1,,
happybirthdayzayn 0,f,1,,
8happyendings 0,f,1,,
shawnaccesslive 0,f,1,,
usbloggerchat 0,f,1,,
msg100daysintheatre 0,f,1,,
tuesdayshoesday 0,f,1,,
walkaway4days 0,f,1,,
feelgoodfriday 0,f,1,,
theworldismyfamily 0,f,1,,
newshawnsongmonday 0,f,1,,
newweeklychrisvid 0,f,1,,
socialmediamarketing 0,f,2,,
mahomiesgohardest 0,f,1,,
thisiswholesome 0,f,1,,
30daysofheartsonfire 0,f,1,,
singfortracyh 0,f,1,,
nudgethemback 0,f,1,,
msg3successfulweeks 0,f,1,,
janoskiansnewprank 0,f,1,,
shakeitoff 0,f,1,,
becauseitmatterstoyu 0,f,1,,
betterstartsnow 0,f,3,,
happy4thanniversarynavya 0,f,1,,
happybirthdayalluarjun 0,f,1,,
internationaldayofhappiness 0,f,1,,
earlybirdcloseupforeversummer 0,f,1,,
thanksfortheinvite 0,f,1,,
8secretsofahealthyfamily 1,f,1,,
theshopaholicme 0,f,2,,
wefollowback 0,f,1,,
youknowme 0,f,1,,
youretheworst 0,f,5,,
alldayallnight 0,f,1,,
archesfollowspree 0,f,2,,
alwaysinmyheart 0,f,1,,
eaturheartout 0,f,1,,
helpspreadawareness 0,f,1,,
liveyourlife 0,f,1,,
nationalstorytellingweek 0,f,2,,
charmingsaddiction 0,f,1,,
hatersgonnahatehatehate 0,f,1,,
