guysbelike,o,2,7,
teenagersfact,f,1,,
nameafollowerwhogaveyouhead,o,1,1,
votewhatmakesyoubeauiful,o,2,8,
tuesdaytease,o,,,
dontbethatplayer,o,3,11,
weneedtitanscursemovie,o,1,2,
whatmadememadasakid,o,4,14,
alwaysnoters,f,1,,
eyehoroscope,f,2,,
wewillmissgottobelieve,o,4,19,
thatcanfuckoff,o,4,13,
mentionsomebodyyourethankfulfor,o,1,3,
signsyoulostafight,o,1,6,
changeteleseryetitlewithpepe,o,3,11,
things90skidssaid,f,1,,
whyareyoustill,o,4,18,
10thingsihateaboutmyself,o,4,16,
2followersthatshoulddate,o,3,11,
gottobelieve,o,1,5,
addboobstotvtitles,o,3,11,
dickhadmelike,o,4,19,
twitpicyourlookalike,o,3,11,
ilaughatpeoplewho,o,1,3,
myrepliestotextswhenimmad,o,4,13,
mentionafollowerthatgaveyouhead,o,2,7,
the90sfinest,f,2,,
shouldntcomeback,o,1,2,
1girltour,f,4,,
howtocreateawebsite,f,2,,
girlslovethatshit,o,4,15,
zoey101memories,f,3,,
freecoffeefriday,o,4,19,
mistakesboysmake,o,1,1,
worstbreakupexcuse,o,2,7,
replacesongwithlembu,o,3,11,
reasonsweloveharry,o,1,3,
relationshipscantsurvivewithout,o,1,4,
10favoritedrakelyrics,o,,,
boycotthenewy,o,3,10,
askonce,,,,
1thingmeandoomfhaveincommon,o,1,,
myfavouritechildhoodshow,o,4,15,
thingsireallylike,o,4,15,
18thingsiwant,,,,
tweetyourfears,o,3,11,
fearthechop,o,4,14,
notsuperhuman,o,1,4,
inthemorningimusthave,o,1,2,
masturbationstories,,,,
liveassgogo,,,,
thingiwontforget,o,1,3,
reasonstolovefootball,o,1,4,
ipromoteyou,o,2,,
voteneverever,o,3,10,
nofatherfriday,,,,
sorrynotsorry,0,,,
myboyfriendnotallowed,o,1,4,
calloutsomebodybeautiful,o,3,11,
aboutmenight,o,1,6,
icametwice,f,1,,
lastnightpreorder,,,,
primaryschoolanthems,,,,
twerksomethingfor,o,3,11,
yourewelcome,o,4,15,
tellthewhitehouse,,,,
100daysofhappiness,,,,
twoyearsofwhatmakesyoubeautiful,o,2,8,
flashbackalternatives,,,,
singledays,,,,
bravoyourlifekwon,o,4,14,
rightbymysidevideo,,,,
signsdarelationshipisover,o,1,6,
aintnobodygottimefordat,o,,,
thoughtsinthehalllway,o,1,4,
thingsmymamado,f,1,,
ifyoucouldseemenow,o,3,11,
10thingsigetalot,o,1,3,
iwouldtextyoumoreif,o,1,3,
ibeteverybodyforgotabout,o,1,2,
whomakesmehappy,f,4,,
mentionsomeoneyouwillsexuallydestroy,o,3,10,
tothedream,o,4,15,
3wordsthatwomenhate,f,1,,
icantforgetaboutyou,o,4,,
louisdontlethimgo,o,3,11,
4wordsafterabreakup,f,1,,
whatbrightensupmyday,o,4,19,
90sinsults,f,1,,
tweetsomethingyousayalot,o,3,11,
5thingsthatannoyme,o,4,16,
eatingcontestwithmydog,,,,
whatsadeal,o,4,14,
bandsyoucantdislike,o,4,15,
702problems,f,1,,
its2014,f,2,,
confessyourunpopularopinion,o,3,11,
tweetaboutyourself,o,3,11,
yousoundgoodtome,o,2,8,
replacementrefs,,,,
iwanttohavesexwith,o,1,3,
myshopidea,o,,,
yeenboutthatlifeif,,,,
nowthatsludicrous,o,2,7,
dontbeaseptic,o,3,11,
worstthingsinfootball,o,4,19,
lyricsiliketoscream,o,4,15,
easilyattractedto,o,1,4,
aintnobodygottimefadat,o,2,7,
iusetowantarelationshipwith,o,1,4,
wednesdayviralfollowing,o,4,14,
thingsthatenragerepublicans,f,1,,
bts300days,f,2,,
automaticturnons,f,3,,
replacesonglyricswithbunny,o,3,11,
tagsforlikesfslc,f,1,,
10mybestfriends,o,1,3,
showsthatneedtocomeback,o,1,4,
onelastshow,f,1,,
looking4myself,o,4,16,
ontheroadagaintourmanila,o,4,15,
nationaltellagirlsheisbeautifulday,o,3,11,
shoutouttothegirls,o,1,4,
mention25cutepeopleontwitter,o,3,11,
easilyattracted,o,1,4,
igotathing,o,4,19,
10factsaboutmyvirtualbestfriend,f,1,,
1thingifindsexy,o,4,15,
8yearsafterfriends,f,1,,
ottoknowsfiestaglow,f,2,,
mentionpeopleyoureallylove, o,4,15,
thingsbabymamassay,o,1,3,
ifiwokeupinanewbugatti,o,4,14,
replacemovietitlewithcheese,o,3,11,
mythoughtsatschool,o,4,15,
reasonsiloveharrystyles,o,1,,
500yearsofwinter,f,2,,
thatsthatshitidolike,o,1,4,
embarrassafriend,o,4,14,
saysomethingniceaboutromney,o,3,11,
mywishin2013,o,3,12,
20reasonswhywelovejustin,o,1,3,
aintnobodygottimeforthat,o,2,7,
greatestsongintrosever,o,2,9,
rapperswhowentmissing,f,1,,
replacesongtitlewithlontong,o,3,11,
youstillatthebottomif,o,2,7,
thatsmytomboy,o,2,9,
tweetamoviethatnevergetsold,o,1,3,
thingsweblamethedevilfor,o,2,7,
songsiknowoffbyheart,o,1,3,
promoteonlinekindness,o,3,11,
bornwithattitude,o,2,7,
youcuteandallbut,o,1,4,
thatsexthatmadeyou,o,1,4,
firstthingidointhemorning,o,1,3,
favouritelyric,o,4,15,
22reasonswhywelovelouis,o,1,3,
mytop20bands,o,1,3,
reasonsifailatbeingagirl,o,1,1,
iftwitterdidnotexist,o,1,5,
wenotdatingif,o,1,3,
mentionsomeoneyouwanttomeet,o,1,3,
harrygirlsbelike,o,2,7,
youdecide9,o,3,11,
ifwearetogether,o,1,4,
maythefourthbewithyou,o,1,6,
20picsofharryfromyourcameraroll,f,1,,
wheniwasbatapa,o,1,5,
thingsthatpleaseme,o,1,4,
next2naked,f,3,,
replacevideogamenamewithbooty,o,3,11,
jumpahead,o,3,11,
irespectthosewho,o,2,9,
youreattractiveif,o,1,4,
moviesthatmadeourchildhood,o,4,15,
sheelookssoperfect,o,1,4,
somethingidonthave,o,4,19,
15factsaboutmybrother,f,1,,
rateyourdate,o,3,11,
notetomyex,o,1,3,
reasonswhyileftfacebook,o,1,4,
100lifegoals,f,1,,
ifwearedating,o,1,6,
elementsaturdays,0,,,
bethismyvalentine,o,3,12,
givemelovevideo,o,1,2,
somethingicantdealwith,o,4,13,
replacemovietitlewithgoat,o,3,11,
addinmypantstoafilm,f,1,,
racismendedwhen,o,1,4,
tripledturnup,f,1,,
thingswesaywhilegettinarrested,o,2,7,
thingseverymomsays,o,1,4,
butwhathurtsmethemost,o,4,18,
indonesianteenslovesong,f,1,,
ifmodibecomespm,o,1,5,
ificouldlivemylifeinmyfavoritemovieitwouldbe,o,1,3,
thingsliberalsdontsay,o,1,4,
thingstoneveraskadj,o,3,11,
whatilearnedfromthisfandom2013,o,1,5,
votewhatmakesyoubeauitful,o,2,8,
stereotypesofourgeneration,o,2,7,
sliceofsummer,o,4,19,
guymusicvideotoday,f,1,,
seniors2014,f,1,,
youknowwhatannoysme,o,4,13,
womenshistorymonth,f,1,,
shewouldbeprettyif,o,1,4,
sharemortallove,o,3,11,
replacesongnameswithchicken,o,3,11,
savethelyinggame,o,3,10,
myfavouritemoviequote,o,4,15,
muslimsarenotterrorists,o,1,2,
stuckinourheads,o,1,5,
onethingimsureof,o,1,3,
pipethefuckdown,o,4,13,
standwithwomen,o,3,11,
newhomenewroots,o,4,19,
creepychildrenstoys,o,4,13,
indonesianteensopinion,f,1,,
roadto15,f,2,,
roadto16,f,2,,
thetwitterawesome,o,4,15,
sissyslut,o,2,7,
retro70s80s90s,,,,
thingsthatonlyhappeninthemovies,f,1,,
youshouldneveraskagirl,o,3,11,
easilyatrractedto,o,4,15,
seconardyschoolmemories,f,2,,
whatmenshouldknow,o,1,2,
phrasesjamaicanscreated,f,2,,
commonwhitepeoplequestions,f,1,,
didumiss,o,1,5,
thingsboyssayafterrejection,o,2,7,
ihatewhenteacherssay,o,4,16,
whatthefox,0,,,
itshyoursday,o,1,4,
followmecaniff,o,1,3,
witnesshistory,o,3,11,
holdonsoyoutellinme,o,2,7,
startsomethingnew,o,3,11,
relationshipsthesedaysare,o,2,7,
tomyfuturedaughter,o,1,5,
howtoreactwhenyouseeyourex,o,1,5,
drinklocally,o,3,11,
stayingstrong2years,o,1,4,
buyreallydontcare,o,1,1,
thingsharrypottertaughtme,f,1,,
sexpeditiontopretweets,o,1,4,
replacesongwithbra,o,3,11,
guiltynotguilty,o,2,7,
30waystomakeagirlsmile,o,1,4,
kissmequick,o,1,3,
countdowntostayingstrong,o,1,4,
wordsguyscantsay,o,1,4,
stopwhitepeople,o,1,3,
straightgirlsbelike,o,1,4,
happylastdayof2012for,o,4,19,
raceyourfriends,o,3,11,
myrvesfeversweepslegaspi,o,1,3,
signsthatyourelonely,o,1,4,
18thingswegoogle,o,1,3,
in6thgrade,f,2,0,
completetalkdirty,o,4,13,
irishstrippersyoureoverpriced,o,1,4,
whereweare,f,1,,
itsnotcomplicated,o,1,4,
goodthingsintheworld,o,2,8,
10factsaboutmydad,f,2,,
giftforsanta,o,4,19,
industriesmostwanted,o,2,8,
imaginedragonsnomultishow,f,1,,
thingsbetterthensex,o,1,1,
10worstpickuplines,o,1,4,
wearasmanyclothesasyoucanatoncefor1d,o,1,4,
whatpubertydidtome,f,1,,
jennamarblestaughtme,f,1,,
thatfeltsogood,o,1,3,
sexwithlouisbelike,o,1,4,
startbelieving,f,3,,
ididnttextyouback,f,1,,
stupidfootballfacts,o,1,4,
howtoasksomeoneonadate,o,1,4,
morenopretty,f,4,,
goodtobebad,f,3,,
weallgotthatoneteammate,o,1,4,
alllthatmatters,o,1,1,
peolplewhomademy2012,f,2,0,
idontfeelrightwithout,o,1,4,
represent1908,o,1,2,
thingswedo2loseweight,f,2,,
setthisworldonfire,f,1,,
andthatswhyyouaresingle,o,4,13,
cryingparents,o,4,19,
coolestinterviewever,o,4,14,
myheartdropswhen,o,4,19,
youdidntstartfromthebottomif,o,1,4,
blackimagines,f,3,,
dear14yearoldself,f,1,,
otherimaginarythingsbesidesteosgf,o,1,4,
thebandthatlostthexfactorbutwontheworld,f,1,,
everythingthatrocks,o,1,4,
askcatfish,o,1,2,
yeahyourethesidechick,f,1,,
thingsthatreallyturnmeon,o,4,15,
replacemovienameswithjam,o,4,19,
youdontknowwhatstruggleisif,o,1,1,
turndownforwhat?,o,1,5,
istandwithobama,f,1,,
ucantbetoughandsay,o,3,11,
8yearswithelf,f,1,,
insecuritynight,o,1,4,
youknowihatewhen,o,4,16,
fineassgirls,o,1,4,
turndownforwhat,o,1,5,
mentionpeoplethatmakesyousmile,o,1,3,
dontbothermewhenim,o,4,19,
replacesnsdsongswithsmurf,o,3,11,
replacesongtitleswithplacenta,o,3,11,
mentionsomeonewhoalwaysonyourmind,o,1,4,
whostheceleb,o,1,5,
mytop5bands,o,1,3,
21reasonswhyilovedemi,o,1,1,
artfortweets,o,4,14,
dingdongthewitchisdead,o,4,19,
truthandonlytruth,f,3,,
notime2sleep,o,1,1,
replacesongtitlewithdrone,o,3,11,
livewithfire,o,3,11,
10thingsyouhatetodo,o,4,16,
90sbabyfollow,f,3,,
my10favoritemusicvideo,o,4,15,
ifiwasjustinsgirlfriendiwould,o,1,3,
mentionsomethingaboutyourself,o,1,4,
threewordscarystories,f,1,,
ifjustinwasmyboyfriend,o,3,12,
thisisthevoice,o,2,8,
dowhatuwantwithmybody,o,4,19,
stupidshitididinelementaryschool,o,4,19,
thingswesay2dapolice,o,4,17,
sometimesitseasier,o,3,12,
replacingmeangirlsquoteswithbacon,,,,
wordsgrownmenshouldneversay,o,1,5,
youremoreatrractiveif,o,,4,
moderndayfreak,o,,4,
tweelikeaboy,o,3,11,
thingsiwanttohappen,o,3,12,
ifyouremygirl,o,3,12,
lentproblems,o,1,1,
makesmesmh,f,3,,
thirstysunday,f,1,,
designthishome,o,1,2,
letsgoplaces,o,2,7,
icantgoonedaywithout,o,1,4,
followthewanted,f,3,,
relationshippains,f,2,4,
gotitfree,o,4,18,
tweetaturnoff,o,1,2,
easillyattractedto,o,1,1,
idothatmittromneysmirkwhen,o,1,4,
youcanttrusthoes,o,1,4,
whyrelationshipsend,o,1,4,
signsafightbout2breakout,o,1,4,
mentionabeautifulname,o,1,4,
kissforpeace,f,3,,
wereport,f,1,,
tweeapicturethatdescribesyourfriendship,o,1,4,
mentionsomeoneyouwouldridefor,o,1,4,
followmeconcept,f,2,,
muppetsmostwantedevent,o,1,4,
wowiloveindonesia,o,1,14,
youcrossedthelinewhen,o,1,4,
replaceasongtitlewithtank,o,1,2,
ifalbumtitleswerehonest,o,1,4,
mentionanattractivefeature,o,1,4,
takeflightrisk,o,1,2,
youknowyoulameifyoustill,o,1,4,
peoplewhoneedagoodhiding,o,1,4,
campusspecial,f,2,,
getunionjtothetop5,o,1,2,
friendsoneliners,o,1,4,
eatcleantraindirty,f,3,,
peoplespecialinthisworld,f,4,,
20monthswithexo,f,4,,
blackparentsdothingslike,f,3,3,
my15favoritesongs,o,1,4,
90sbabyfollowt,o,1,1,
mysexlifeasasongtitle,o,2,7,
musicwasbestwhen,o,1,4,
10commandmentsoftwitter,o,1,4,
thingsthatmakeyoumad,o,1,4,
youremoreatractiveif,o,1,4,
youmightbeadictator,f,3,6,
questionforgirls,f,1,,
whentheclockstrikes10,o,1,4,
top10favouritesongs,o,1,4,
favchildhoodtvshows,o,1,4,
webooktalent,f,1,,
tweetabadhabit,o,1,3,
oomfshouldknow,o,1,3,
tweetapicturewithyourbestfriend,o,1,4,
best90ssong,o,4,20,
beautifulshow2013,f,1,0,
pmccthursdaytreats,o,4,19,
iatethebones,o,4,19,
thotsbelike,o,1,5,
10sexiestfemales,o,2,8,
mentionperfection,f,1,,
myrightwingbiracialfamily,,,,
igoodbye,,,,
storybehindmyscars,f,1,0,
uglypeopleexcuses,,,,
eatsleepbreakthestreak,o,4,19,
halfnakedthursdays,,,,
wheresmum,,,,
myfavouritesongsof2012,o,4,15,
ap10things,o,1,1,
365dayswithbtob,o,1,1,
likesforlikes,,,,
mydadtaughtme,f,1,0,
mentionsomeonewhomakesyouhappy,o,1,3,
10favouritealbums,o,4,15,
liveouturdreams,o,4,19,
linesthatmustbeshouted,o,2,9,
ifwedate,o,3,12,
focusedonreality,,,,
mylifeasabarbie,o,1,6,
relationshipswouldlastlongerif,o,3,11,
tweetapicturethatyoucantexplain,o,1,4,
mentionsomeoneyourethankfulfor,,,,
whitepeopleyoutubesearches,o,,,
whywouldyoucheatif,,,,
mcfridaytreat,o,4,19,
whattvadsteachyou,,,,
tweetameet,o,1,3,
twittermademerealize,o,3,11,
favouritemoviequotes,o,4,15,
bandsthatareperfect,o,2,9,
timetoturnup,,,,
celebritiestalkindirty,o,2,8,
imreallygoodat,o,1,3,
thickhairproblemsnight,o,4,19,
10reasonstodateafatgirl,o,,,
mentionsomeonehassweetsmile,o,2,8,
votewhatmakesyoubeatiful,o,2,8,
revealthenew,o,1,3,
reedsomggiveaway,o,,,
fivewordbreakup,,,,
thingsmybestfrienddo,o,1,3,
thursdayviralfollowing,,,,
dailymeme,,,,
replacemovietitlewithhorny,f,1,0,
thingsguysshouldnotsaytoanotherguy,o,2,8,
mylovefromthestar,o,4,15,
mancrushmonday,,,,
awaydaymemories,o,4,19,
howtopissafemaleoff,,,,
thenationwantstoknow,o,3,11,
sufferingfromsuccess,o,4,19,
kissthursdays,o,3,11,
tweetapicturewithoutlooking,f,1,0,
tweetabondthatcantbebroken,o,4,15,
nowiknowbetter,f,1,0,
replacefilmtitleswithwank,o,1,4,
youknowyourefilipinowhen,o,1,3,
5thingsifindattractive,o,4,15,
ratemylesbian,o,1,4,
believechristmasgiveaway,f,3,0,
rapedbyasiothanditwasamazing,o,4,19,
confessyourunpopluaropinion,o,4,18,
butyougotthemfoamsthough,,,,
things2chainzwouldsay,o,1,3,
20picturesofharryfromyourcameraroll,f,1,0,
indonesianteens2013wish,o,3,12,
leftmytomtomwiththedriver,o,4,19,
sexualpickuplines,,,,
15thingsaboutmybestfriend,o,1,3,
saveourguys,o,4,17,
fridayviralfollowing,o,1,3,
springiscoming,f,2,0,
beauisawhore,,,,
thingsunlikelytohearonmotd,o,4,17,
collegeapocalypse,o,4,16,
icantbetheonlyperson,o,1,4,
yogirldontloveyouif,o,4,19,
goroar,o,4,19,
funwithhashtag,o,,,
youknowyourebroke,o,3,11,
dementiafriends,,,,
youknowyoureindonesianwhen,f,1,0,
twistoftaste,o,1,3,
askfifthharmony,,,,
hotoutside,f,2,,
20songsthatilike,o,4,20,
classof2017,o,1,6,
thingsbetterthanlilwaynespushatdiss,,,,
waystogetshot,,,,
reasonstolovelauren,o,1,1,
ifyouknowpeterborough,o,,,
19reasonstoloveharrystyles,o,1,1,
firstdayofspring,o,1,3,
weliveinagenerationwhere,o,1,1,
howimetmybestffriend,o,1,3,
fandomemories2013,f,1,,
thatsthatshitilike,o,4,16,
secondaryschoolconfessions,,,,
incomingfreshmanadvice,o,3,11,
replacebandnameswithtampon,,,,
saysomething,f,1,0,
favoritelinefromasong,o,4,19,
relationshipsfallapartbecause,o,1,1,
oplustpwishuponareindeer,,,,
100daysofhappy,f,2,0,
90sbabyfoll,f,2,0,
thatsthatshitidontlike,o,4,16,
besttwittermemoriesof2013,f,2,0,
mentionwhoyouwanttospendvalentineswith,o,1,1,
youaremoreattractive,o,1,3,
outofmylimit,f,1,0,
replacesongnameswithflaps,f,1,0,
mentionyourvalentine,o,4,15,
thingsnottododuringafuneral,f,1,0,
thatsheartgiveaway,f,5,0,
someonespecialof2013,f,2,0,
ifyouknowsheffield,o,1,6,
sexwithniallbelike,o,1,1,
igotathingafor,o,1,3,
tweetyouraddiction,o,1,2,
mostoverratedmusicartists,f,1,0,
plantatweet,o,1,3,
plansforthesummer,o,1,3,
textingdisaster,o,4,17,
areyoutheone,0,0,0,
sarigulneredecekmekoydegisimorada,,,,
getofftwitterif,o,4,16,
replacefilmtitlewithcake,o,1,3,
twittermirror,0,0,0,
hotnewreads,f,1,0,
thingsthatareaturnon,f,3,0,
sadgooglesearches,o,4,19,
100mostbeautifulpinays,f,2,0,
thiscouldbeusifyoustoppedplaying,o,4,16,
lessonsfromscarymovies,o,4,17,
textmethis,o,1,3,
thingsiliketodo,o,1,1,
withbaby,o,4,19,
theworldmadesensewhen,f,1,0,
typenickiminajwithoutlooking,,,,
removeoneletterfilm,o,,,
satnightontwitter,o,4,19,
thingsthatpissmeoffingeneral,o,4,16,
1yearofboyfriend,f,1,0,
strugglesofbeingirish,f,1,0,
iamweakfor,o,1,4,
dontfundit,o,1,3,
lmaotwitpics,,,,
mentionsomeomeyourethankfulfor,o,3,11,
basicwhitegirl,o,2,8,
hope4jobs,o,3,12,
thatssoattractive,o,4,19,
bringla32012,,,,
thatswhatslutsdo,o,4,16,
tellmeifyoudown,o,1,3,
embarrassyourfriend,o,4,16,
sexyfreeandsingle,o,4,19,
myoldtwittername,f,1,0,
imeasilyannoyed,f,3,0,
beefsbetterthandrakeandchrisbrowns,o,2,7,
mybiggestissue,f,2,0,
shoutouttotheguysthat,o,3,11,
musictoyournose,,,,
infamoussecondson,o,4,16,
onethingyoudontknow,o,1,1,
gossipisgreat,o,1,4,
whitepeopleactivites,f,1,0,
wrongfilmquotes,o,4,13,
rememberwhenbarackobama,f,1,0,
funwithtulisantimeline,o,4,20,
whatmakeseverybodymad,o,1,4,
presentsfromparentdish,f,1,0,
my15favoritessongs,o,4,15,
thingspeoplehavetostopdoing,o,3,11,
mentionsomeonewhowillcompleteyourday,o,1,4,
thebestpartofmydaywas,o,4,15,
whosyapapi,o,1,4,
whatdifferencedoesitmake,o,1,4,
thiscouldbeusbutuplayin,o,2,9,
whatifancy,o,1,4,
mapstothestars,f,2,0,
thingsthatguyslike,o,1,4,
tweetyournamewithoutvowels,o,1,4,
mentionafollowerthatcangetit,o,1,4,
fearfactormy,f,2,,
celebritiesivebeentoldilooklike,o,2,8,
mydayinla,o,1,4,
malaysianstudentproblems,o,1,4,
15goodsongs,o,1,4,
20mybestfriend,o,1,4,
realloveiswhen,o,1,4,
thankyouniallforthetwitcam,o,4,18,
theworldneedsmore,f,1,4,
mcfridaytreat,f,1,0,
in2ndgrade,f,1,0,
thingstwitterdoesntcareabout,f,1,0,
16yearsoflifeonmars,f,1,0,
iwishpeoplewouldjust,o,3,12,
sexwithliambelike,o,4,14,
bornthiswaywasbornthisday,o,1,0,
hottieoftheyear,o,2,9,
overlyhonestmethods,f,2,0,
fifthharmonythinksyourepretty,o,2,8,
thatsthatshitidontlike,o,4,16,
replaceabiebersongwithjerry,o,1,2,
sexyfoods,o,1,4,
themostannoyingthingsever,o,4,13,
ihopesomeday,o,3,12,
straightuptellsomeonetheyrehot,o,1,4,
replacebeyoncesongswithblue,o,1,2,
funniesttumblrposts,f,2,0,
thingsyoumighthearaliberalsay,o,1,6,
conservativebandnames,f,1,0,
bestsongeveronradio1,f,1,0,
puttingfansfirst,o,1,1,
pbbthelegalbestfriend,f,1,0,
unansweredhiphopquestions,f,2,0,
thankyouglobe,o,1,3,
worstraplinesever,o,4,16,
newgagasingleguy,f,2,0,
bestsongtohavesexto,o,4,15,
heyyouapp,f,2,0,
describeobamainthreewords,o,1,3,
blackgirlsfamouslines,f,1,0,
tagsomeonewhofarts,o,1,4,
doyoutobeone,o,2,9,
blackpeoplemeetusernames,f,2,,
lyricsthatmeanalottome,o,4,15,
celebritiesthatlookliketheystank,o,1,4,
drawsomething,o,1,4,
whatidowhenimalone,o,1,5,
nameabrainer,o,1,4,
what2chainswouldsay,o,1,3,
idontknowhowtoactwhen,o,1,3,
senior13problems,o,1,4,
dailytongue,f,1,0,
mentionsomeonecute,o,1,4,
yougainmajorpoints,f,1,0,
itamazesmethat,o,4,14,
describeyourfriendshipinapicture,o,1,4,
ready4reform,f,5,0,
tothebeautifulyou,o,1,1,
wheniseeaobamabumpersticker,o,1,4,
babyisstaying,f,1,0,
howtoblendinwithwhitepeople,f,3,0,
ifitwasntforfootball,f,3,0,
thingsconservativeshate,o,1,4,
ireallydontlikeitwhen,o,1,4,
thingsliberalsjustdontget,o,1,4,
twittercatchingfire,o,1,4,
cantremembertoforgetyou,o,4,14,
youareallsurrounded,f,4,0,
bestfootballchants,o,1,4,
thatshitidontlike,o,4,16,
20favouritefootballers,o,1,4,
ifdrakewasourteacher,o,1,4,
comfortforall,f,3,0,
four4horror,o,1,4,
hottitles,o,1,4,
stopmexicangirls2013,o,1,2,
britishproblemsnight,o,1,4,
whenithinkofyoui,o,1,4,
tweetalyriceverybodyknows,f,1,0,
textcutie,o,1,2,
replaceamoviewithnigga,o,1,2,
collegefessionsnaps,f,1,,
thiscoudbeusbutyouplaying,f,4,0,
getoveritlifegoeson,f,3,0,
30sexy,o,1,4,
mention15prettypeople,o,1,4,
anotherfo,,,,
letsfixthisfandom,o,3,11,
whatislifewithout,o,1,4,
textmessagesfromastalker,f,2,0,
iwannagiveashoutoutto,o,1,4,
morepopularthantheobamabudget,o,2,9,
icantchillwithyouif,o,1,4,
10peoplethatmeanalottome,o,1,4,
thatswhatihate,o,1,4,
ifwejustsmashing,,,,
myfavoritelinewhenimmad,o,1,4,
thingsidnevershare,o,1,4,
2thingsiappreciate,o,1,4,
womencantstandwhen,o,1,4,
11songs,f,1,0,
thursdaythrowback,f,5,0,
tweetamemory,o,1,2,
ifyouknowmewell,f,4,,
youknowyouremalaysianwhen,o,2,7,
bestupallnighttourmoments,o,1,4,
notanormalparty,o,1,4,
beenfresh,o,1,1,
crushproblemsnight,f,2,,
defineobamainoneword,o,1,4,
bestsongeverofficialvideo,f,1,0,
maleproverbs,f,1,0,
mentionsomeoneimthankfulfor,o,1,4,
dontbethatguy,o,1,2,
sinceimbeinghonest,o,3,12,
howtopissoffafemale,o,3,11,
mentionsomeoneyouarethankfulfor,o,1,4,
txtmessagesfromastalker,f,1,0,
yourstrokeweakif,o,1,1,
whatmakemehappy,o,1,1,
1045bdayshow,f,2,0,
4wordsafterabreakup,f,1,0,
mommyprobs,f,2,0,
16songs,f,1,0,
throughyoureyes,o,1,1,
ghettowaystodie,o,1,1,
thingsmittromneywilltakeaway,f,1,0,
wearethe5thline,f,2,0,
68th,f,2,0,
dancesweforgotabout,o,1,1,
smartassquestions,o,1,4,
songsniallcanviolentlymasturbateto,f,1,0,
thingsnottodowhilepregnant,f,3,0,
tweetsomethingyougetalot,o,1,4,
hot30voteboost,f,2,0,
myfriendsalways,o,1,4,
itdrivesmecrazywhen,o,2,8,
what_it_is?,o,4,14,
twitterfamouswhofollowedme,o,4,14,
sometimesihatetwitter,o,1,4,
songsthatgiveyougoosebumps,o,1,4,
textmsgsthatmakeyoumad,o,1,4,
giftofsport,f,2,0,
turkishncosdeathfasting,f,5,0,
mentionsomeoneyouareafraidoflosing,o,2,9,
ready4newcongress,o,1,1,
yathatwasstupid,o,1,4,
thefirstthingvideo,f,1,0,
holdonweregoinghome,o,1,1,
studsbelike,f,3,0,
signsyoupissedsomebodyoff,f,2,0,
90sbabytrain,f,2,0,
bravethestorme,o,3,12,
meangirlstaughtme,f,1,0,
lastsummeraroundthistimeiwas,o,1,1,
iammanchestersbillionthgirl,f,1,0,
iwanttopunchpeoplewho,o,2,9,
thingsisaytomuch,f,5,0,
datemeif,f,1,0,
songsthatmakeyouwannafight,o,1,4,
thoughtyouwerecuteuntil,o,1,1,
africansbelike,o,3,12,
sometimesitseemslike,o,2,9,
itsaswimmerthing,f,1,0,
4hottestyearswith2pm,f,3,0,
inschoolthoughts,o,1,4,
like4follow,o,1,4,
somosunday,o,1,1,
10thingsaboutmyfather,f,2,0,
iknowimnottheonlyonewho,f,5,0,
heymangirl,,,,
ifyoureblackyouknow,o,3,11,
changemovietitlewithpechay,f,4,0,
wishuponacornetto,f,1,0,
favouritepeopleof2012,o,1,4,
youliedwhenyousaid,f,2,0,
tweetforaseat,o,3,12,
cantwaitforonething,o,1,4,
transformationtuesday,f,2,0,
questionsaskedafterafight,f,3,0,
ifweedwerelegal,o,1,4,
illneverregretmeeting,f,3,0,
rapecultureiswhen,f,2,0,
mycrazyobsession,o,1,4,
gettingaharryfollowisharderthan,o,2,5,
thingsmoreusefulthanadebayor,o,1,4,
thepeoplescouch,f,1,0,
anythingforhockey,f,1,0,
selfiefriday,f,2,0,
annoyingthingsontwitter,o,1,4,
win30s,f,2,0,
artistsyoucantdislike,o,1,4,
thingsisaywhilereadingmytl,f,3,0,
evilasshit,f,4,0,
inaparalleluniverse,f,2,0,
ifmylifewereamovie,o,1,4,
habitsifindhardtobreak,o,1,4,
forcebumpwat,,,,
thingsbetterthanbieber,o,1,4,
typeyournamewithyourelbow,o,1,2,
bringbackourgirls,o,1,2,
unansweredrapquestions,o,1,4,
mentionsomeonebeautiful,o,1,4,
10favouritelyrics,o,1,4,
ourmomentwithsmallzy,o,4,18,
fixmylife,o,1,2,
10peoplewhomeanalottome,o,2,8,
growingeveryday,f,1,0,
dontbethatguy,o,3,11,
ialwaysthinkabout,o,1,5,
unpopulargamingopinions,o,1,1,
exgirlfriendsbelike,o,4,0,
foronedayiwishicouldhangwith,o,4,19,
myrealrelationshipstatus,o,4,19,
1reasonwhy,,,,
musicthatdoesmatch,f,1,0,
thingswomenwant,f,1,0,
whatdreamsmaycometour,o,1,6,
replacesongtitleswithtampon,o,,,
replace1dlyricswithboobs,,,,
5thingsillneverletphaseme,o,1,2,
iftheyshutdowntwitter,o,3,12,
afanissomeonewho,o,1,3,
commonannoyingbios,f,1,,
tweetlikeyomamawatching,,,,
twitterisnotfor,f,1,0,
2012taughtme,f,2,0,
notallwhitepeople,o,1,1,
hottestindiantvjodi,o,1,3,
kimchiubetterandfearless,o,3,12,
drop4drop,,,,
immaturebandnames,o,2,7,
whyididnttextyouback,o,4,16,
thingsbetterthanthedunkcontest,,,,
definitelyadumbass,o,4,16,
20myfuturedreams,f,3,0,
tweetlikeatwitterbitch,o,4,19,
in10thgrade,o,1,3,
10thingsyoucoulddoforme,f,1,0,
mentionpeoplethatmakeyousmile,o,4,19,
youdontknowthestruggleif,o,3,11,
reasonswhywestoppedtalking,o,1,3,
boyinluv,o,4,15,
pricelesssurprise,o,4,14,
thingswhitepeopleinvented,f,2,0,
allthatmatersmusicvideo,f,1,0,
tellmewhywouldyou,o,1,3,
worsecollegeclasses,o,4,16,
weasagenerationneedtoletgoof,,,,
wheniwasbatapa,o,3,11,
iaintworriedboutnothin,o,1,2,
defundobamacarebecause,o,3,11,
storybehindmyscar,o,1,3,
mycrazybeautifullife,o,4,15,
elementaryschoolconfessions,,,,
rulesinablackhouse,o,4,13,
whatreallyturnsmeon,o,4,19,
parentsfavoriteline,o,4,20,
imweakfor,o,1,3,
thosemomentsinlifewhen,o,3,11,
unansweredcartoonquestions,f,1,0,
tweetlikeaswagfag,o,4,19,
90sbabyfollowtrain,f,1,0,
90sbabyfollowtrain,f,1,0,
somefactsyoushouldknow,f,1,0,
90sbabyfollowtrain,f,1,,
unattractivethingsaboutme,o,4,16,
igotoaschoolwhere,o,2,8,
liberalsgetupsetwhen,o,4,19,
yougainpoints,,,,
mentionsomeoneyourthankfulfor,o,1,1,
whenwomangetmad,o,4,13,
deploymentproblems,o,4,13,
youneedtounderstandthat,o,3,10,
namethatwasalmostyours,o,3,12,
girlswhodontwearpanties,,,,
20factsaboutmybrother,o,1,4,
spainneedsprismaticworldtour,f,1,0,
psychicreaders,o,2,8,
everyguyshould,o,3,12,
whenijoinedmyfandom,o,4,15,
bootyinmylap,o,4,19,
obamain3words,o,1,4,
replacemovietitlewithvagina,f,1,0,
wealmostdatedbut,o,3,11,
besttextmessage,o,2,9,
andinthatorder,,,,
inkedgirls, o,4,15,
dreamfund,,,,
songsfromthecouch,o,4,19,
mentionyourfavoritefollower,o,1,4,
boyfriend10days,o,4,19,
withasideoffrenchfries,,,,
pornhubtaughtme,f,1,0,
hiphopwentwrongwhen,o,1,3,
momsgifts,o,4,19,
giveittothedjsfirst,o,4,19,
youknowyoureasidechickwhen,o,1,4,
inaghettohousehold,,,,
topretweetgaintrain,,,,
advicefromhitler,o,3,10,
tinytonight,o,1,3,
seeyouinthefields,o,1,3,
thingsyouneverwanttohearyourmothersaying,o,4,16,
whyimin,,,,
jamesstickaneedleupyourdickhole,o,4,13,
balloutfromthestreets,,,,
iamnotaliberalbecause,o,2,7,
fourwordsyoudontwanttohear,o,3,13,
footballconfessions,,,,
icantcontrolmythoughtswhen,o,1,3,
in3rdgrade,,,,
urnotcuteenough,o,1,19,
topretweet,,,,
getalljobs,o,3,11,
takethatsh*tc,,,,
messagetomyhaters,o,4,16,
youaintevenknowit,o,1,1,
mentionanattractivefemalefollower,o,4,15,
dumbfanficmoments,o,4,20,
thingsyoudontsaybeforesex,f,1,0,
myfavoritemoviequote,o,4,19,
mention20peopleyouloveontwitter,o,4,15,
replacesonglyricswithsloth,,,,
uknowthesexisgoodwhen,o,1,1,
growlforthewin,,,,
1dwerenotlikethesegirlsonthedocumentary,,,,
mentionsomeoneyoucanbestupidwith,o,1,1,
annoyingstuffontwitter,o,4,16,
thingsafricanmumssay,f,1,0,
thingsbetterthanreplacementrefs,,,,
myfavorite90ssong,o,4,19,
thatswhyyouhavenofriends,o,2,7,
donatedtweets,,,,
30goodmovies,o,4,19,
10worstfeelings,o,4,19,
wehavethatonefriendwho,o,2,9,
collegecraze,o,4,19,
lookinforyou,o,1,3,
britishboybandfollowingspree,,,,
bollywoodsips,,,,
weareneverevergettingbacktogether,o,4,16,
skipto700k,0,0,0,
dearfuturebabe,,,,
thingsimguiltyof,o,1,5,
mastersofsex,o,4,20,
ifweweretogetherrightnow,o,3,12,
nothingbutskin,o,1,2,
wefromatlanta,,,,
reasonswedontknowwhatloveis,f,1,0,
igethatalot,o,1,1,
worstfeeling101,o,4,16,
topsongsidhavesexto,,,,
lyrcisweallknow,,,,
thingigetalot,o,1,1,
mentionsomeoneiwantmeet,o,1,1,
besttextmessage,f,1,0,
ibetsomebodyonmytl,o,,,
ifwenotinarelationship,o,3,11,
22louispicsfrommycameraroll,f,1,0,
unansweredhiphipquestions,f,2,0,
bestwaytoaskforhead,f,1,0,
2013hastaughtme,o,1,1,
christmasathomewithbamboo,o,4,19,
replace5soslyricswithboobs,,,,
childhoodtvprogrammes,o,4,19,
tweetitlikeyomamawatching,,,,
findgreatness,f,1,0,
finally,o,0,0,
youdumbafif,o,4,16,
funnyvine,,,,
tweelyricsyouliketoscream,,,,
100mostbeautifulpinays2013,o,4,15,
weallhavethatonefollowerwho,,,,
collegejock,,,,
tweetyournamewithnovowels,o,1,3,
tweetapicthatdescribesyourfriendship,o,4,15,
picturemadnessmonday,,,,
a90sbabyknows,f,2,0,
youawhorebecause,o,4,16,
thiscouldbemebutitssunday,o,1,5,
amillionways,f,1,0,
20reasonswhyweloveashton,o,4,15,
grownupprobz,,,,
makeasplash,,,,
thehottestone,o,2,8,
marrythemanwho,o,3,11,
replacebandnameswithnapkin,o,1,4,
sometimesigetsickof,o,4,19,
tweetacutecouple,o,1,3,
howtogetoffthephone,o,3,11,
thinnestsportsbooks,o,0,0,
ifnotformusic,o,4,20,
breakfastwit,o,0,0,
godhasblessedmewith,o,4,19,
thoughtswhilerunning,o,1,5,
ihavealoveandhaterelationshipwith,o,4,,
ifyoureallylikedme,o,3,12,
sorrynotfuckingsorry,o,4,16,
rappersweforgotabout,,,,
thingsmorefamousthanusonedirection,o,4,15,
somethingnewsunday,o,4,14,
2yearswithsehun,o,4,15,
flexfriday,o,4,15,
replaceawordinamoviewithtampon,o,,,
90sfollowtrain,f,1,0,
mentionyourcrush,o,4,1,
10weeks,o,4,1,
girlswithcurls,o,4,4,
replacefilmtitlewiththewordminge,o,4,20,
7thgradeconfession,f,2,0,
827dayswithexo,o,4,8,
knowthetruth,f,3,0,
30questionsforariana,o,4,20,
endofthewordconfessions,f,1,0,
somethingisayalot,f,3,0,
worstrappersalive,o,1,4,
aftersexconversations,o,4,15,
itsalwaysagoodtime,,,,
flofridays,o,4,19,
ifyouknowmeyouknowthat,,,,
shelooksoperfect,o,2,9,
storyofmylifeouttomorrow,o,1,6,
myfavoritesongsof2012,o,4,15,
4famouswords,o,,,
whatobamataughtme,o,1,1,
thisiswhywechop,o,4,13,
retweetthissong,o,4,20,
pressuringquestions,o,4,20,
newsatquestionswhat,,,,
onethingaboutoomf,,,,
whenitshotoutside,o,1,3,
deepnurthoughts,o,3,11,
makeusdream,f,3,,
replacemovietitleswithpope,o,4,20,
byefreakinbrothers,o,4,13,
justwaitonit,o,1,3,
youknowyoureindianwhen,f,1,,
somethingcute,o,2,9,
breakintosomeoneshouseandstealthereunderwearday,o,1,3,
twerkmania,,,,
thingsbetterthannickiminaj,o,1,4,
olympicpickuplines,,,,
relationshipsare,o,4,19,
whenithinkaboutoomf,o,1,5,
everyonehasthat1familymemberwho,o,1,3,
strongandkind,f,1,0,
somepeopledont,f,4,0,
7factsaboutmybestfriend,f,1,0,
wordsisaywhenimmad,o,2,7,
happy6002day,o,4,19,
iftheydontgivehead,o,1,4,
wheniwasyourman,o,3,12,
waystogetablackpersonmad,f,1,0,
donstopmusicvideo,o,4,20,
mynamewassupposedtobe,o,1,7,
thatstheshitilove,o,4,19,
womenlieabout,o,2,8,
20peoplethatilove,o,4,19,
dontsignwithmodest,,,,
dontcutaid,,,,
3wordstodescribeme,f,1,0,
allrelationshipsneed,o,1,3,
cleanyourslate,f,1,0,
its2013youcanstop,f,1,0,
replacesongswithjomblo,o,3,11,
styledtorock,o,4,19,
listofturnons,,,,
thoughtswhilebubbling,o,1,5,
mentionpeoplewhoneverforget,o,1,3,
1000ghettowaystodie,f,5,0,
shitnoonefrommasays,,,,
laughurassoff,o,1,6,
iwenttoaschoolwhere,f,1,0,
whoremembersthatshow,,,,
replacemoviewithdurian,o,3,11,
addwankingtoafilmtitle,,,,
mentionsomeoneyourgladyoumet,o,1,1,
whitegirlsfamouslines,,,,
allaboutsoccer,f,2,0,
transformationtuesday,,,,
setgoodtuesdays,f,3,0,
butugotthatiphone5tho,o,4,14,
thingsisayinschoolthemost,o,1,3,
mentionyourcutestfollowers,o,1,1,
replacerihannasongswithvagina,f,3,0,
replacemovietitleswithnigguh,o,3,11,
stupidstereotypes,o,4,16,
thisisthem,,,,
weallhavethatoneperson,o,4,19,
thatstheshitidontlike,o,4,13,
90sbabyfollowtrain,f,1,0,
rappersthathavegonemissing,o,4,20,
replacemovietitlewithminion,o,3,11,
jamaicanlyricsyouliketoscream,o,4,19,
replacebandnameswithass,o,4,13,
doesthatme,o,1,5,
ownthecampus,o,4,19,
makeascene,,,,
howtomakemesmile,o,4,19,
mentionanaddiction,f,1,0,
peoplethatdonttextback,o,4,13,
10reasonswhyyoucantsleep,o,1,4,
itsmorefuninthephilippines,o,4,20,
2yearssincesosick,o,4,19,
10artistsiwanttomeet,o,1,4,
3videos,f,1,0,
youmightbestupidif,o,1,4,
10peopleyoutrulylove,f,2,0,
popularfemalelines,f,3,0,
jetlaggedface,o,1,4,
gamesfemalesplay,f,3,0,
quickestwaytoendupsingle,o,3,11,
allaroundtheworldpeoplelovethewanted,f,2,0,
theworstmyth,o,2,7,
tagyourcutestfollower,o,2,8,
ifiwonthelottoiwould,o,4,17,
awkwardfacebookstatuses,o,2,8,
whitegirlsbelike,o,1,4,
youcantbeinarelationshipwithme,o,3,10,
waystopissoffyourvalentine,f,2,0,
biggestliesgirlssay,f,2,0,
replacemovietitlewithratchet,o,3,11,
thingsmorepopularthanabbott,f,2,0,
ieasilygetmadat,f,3,0,
tmzaretheworstcelebritynewssiteever,o,1,4,
thatstheshitilike,o,1,3,
tipsforyear7s,f,2,0,
imthepersonwho,o,1,6,
dirtyfanfiction,f,1,0,
20songsilike,o,1,1,
poorbracketchoices,o,2,7,
votewhatmakes,o,3,10,
whenimsadiliketo,o,1,1,
travelboldly,f,3,0,
1yearoflittlethings,o,1,4,
judginyou,o,4,16,
giveyutheshenmuelicense,,,,
popularinthe90s,o,1,4,
youknowyouarefromtheonedirectionfandomwhen,o,1,4,
thingsinmylifethatarepriceless,f,5,0,
geminisweare,f,2,0,
rememberwhenweusedto,o,3,10,
watchingresults,o,4,16,
bandsaccordingtofangirls,o,2,9,
sometimesallagirlwants,o,1,4,
mentionsomeoneveryspecial,o,1,4,
thingsmoreharmfulthanmarijuana,f,1,0,
mentionwhotwitconawesome,o,2,8,
getusedtogreat,o,2,9,
somethingigetalot,o,4,18,
cantafford4more,o,4,18,
thingsboysdowelove,f,3,0,
musicthatdontmatch,f,2,0,
nationaltextyourexday,f,1,0,
mypornmovietitle,o,1,3,
15thingsaboutmycrush,f,2,0,
dontendmeribhabhi,o,3,11,
bestmagicever,f,5,0,
promposal,o,1,1,
takeapicturelikeatwitterbitch,o,1,4,
thingsihateonfemales,f,2,0,
999whatsyouremergency,f,2,0,
mentionsomeonewithafatass,o,1,4,
tagforlikes,o,3,11,
youremoreattractive,o,2,8,
textsthatgetnoreply,f,2,,
imaacelebrity,o,2,7,
replaceamovietitlewithbeard,o,3,12,
in4thgrade,f,1,0,
ifweredating,o,1,1,
tweetaphotothatsumsupyourfriendship,o,3,12,
thingsyousaytoyourbestfriend,f,3,0,
illneverdateapersonwho,f,2,0,
musicmadetoroar,f,3,0,
getreadyforguy,f,1,0,
thingsthatmakethugscry,f,3,0,
thingsnottowearinpublic,f,5,0,
fcukitsaturday,o,3,10,
myboyfriendnotallowedto,f,1,0,
mentionsomeonewhoisawesome,o,1,4,
mentionsomeonewhocanalwaysmakeyousmile,o,1,4,
worstbreakupexcuses,f,2,0,
darkestbeforedawn,o,2,9,
sideeffectsofyou,f,4,0,
replacemovienamewithexam,o,1,3,
noseaworldmacys,,,,
ialwaysliketo,f,2,0,
peopleoverpolitics,f,4,0,
iusedtowonder,f,4,0,
thingsyouneverwanttohear,f,3,0,
voicesave,f,3,0,
10likes,f,1,0,
ifyoureallycared,o,2,7,
thingsbetterthanpaulsboutique,o,1,4,
ruinarealityshow,o,4,15,
thingstodowhilegettinghead,f,1,0,
thingswhitepeoplegetarrestedfor,f,1,0,
mentionsomeonehandsome,o,1,4,
inelemantaryschool,o,1,1,
findme4u,o,3,10,
ruinaband,o,1,4,
weakfor,f,3,0,
ifieverseezimmerman,o,3,12,
scandalthursday,f,1,0,
20thingsaboutmyboyfriend,f,3,0,
offline4sleep,o,1,3,
1thingaboutmyself,o,1,4,
reasonstolovedinah,o,1,4,
whatnottodoincourt,f,2,0,
thingswedoatthemovies,o,1,4,
thoughsduringschool,o,1,4,
curlyhairproblemsnight,f,3,0,
1ofmyflaws,o,1,4,
thingsyouwillneverhearobamasay,f,1,0,
allthatmattersvideo,o,1,1,
youarearepublicanwhen,,,,
iknewyouwerenttheonewhen,o,2,7,
myworstcar,f,3,0,
wrongtimetoyellturnup,f,5,0,
whatdoyoudonoters,,,,
thisisstyle,f,1,0,
youaintnogoodif,o,1,4,
imsureweall,o,1,3,
ifpokemonwasreal,o,1,4,
imsomiddleclass,f,1,0,
uturnonspinnation,o,3,11,
dontbethatathlete,o,3,11,
shithoessay,f,3,0,
yeahiwantthat,o,1,1,
youdontlovemeif,o,1,4,
dothemoves,o,3,10,
nomondayiscompletewithout,o,1,4,
afollowerthatiwannafight,o,1,4,
10reasonswhyiloveyou,o,1,4,
socialshakeup,f,2,0,
8reasonswhyimontwitter,o,1,4,
weallknowsomebodythat,o,1,4,
maybe2013willbring,f,4,0,
whenilikeaperson,f,1,0,
20factsaboumybestfriend,o,1,4,
thebestfeelinginarelationship,o,1,4,
movieloverssweeps,o,1,4,
30actorsthatilove,o,1,4,
5bestsmells,o,1,4,
90ssayings,o,1,4,
maythe4thbewithyou,o,1,6,
girlstravel,f,2,0,
whatidowheniamalone,o,1,1,
moralmonday,f,1,0,
fourwordbible,f,1,0,
tweetyourrelationshipstatus,f,1,0,
movietitlesthatdoubleasporntitles,f,2,0,
2terms,f,2,0,
standwiththe70,o,2,9,
onvalentinesdayillbe,o,1,3,
thoughtsduringschooi,o,1,4,
catsaresmart,f,2,0,
feellovely,o,3,10,
olddisneychannelmemories,o,1,4,
replace1dlyricswithlingerie,o,1,4,
ifobamadontwin,o,1,4,
ifiwonthemegamillions,o,1,4,
whatmostwomanwant,o,1,4,
likes4likes,f,3,0,
worstfiftyshadesaudiobooknarrator,f,1,0,
goldendawn,f,1,0,
ifweretogether,o,1,4,
myboyfriendisnotallowedto,o,1,4,
tomyfuturechild,f,4,0,
mentionadislike,o,1,4,
mydreamhome,o,1,4,
reasonsyoucantfindaman,o,1,4,
mylovefromanotherstar,f,1,0,
childhoodfears,o,1,1,
ilovepeoplethat,o,1,4,
mentionsomebodyyouridefornomatterwhat,o,1,4,
10stonetesticles,o,1,4,
promposal,f,2,0,
compareyourfriendstofootballers,o,1,4,
betterwithfriends,f,3,,
indirectyourex,o,3,10,
thoughtsinthehallways,o,1,3,
pickonlyone,o,1,2,
bestsportsrivalry,f,2,,
ifyouneed,o,1,4,
liberaltips2avoidrape,f,1,,
2012hastaughtme,f,1,,
talkdirty2meme,o,1,2,
escapefromplanetearth,f,1,,
thingsidowheniamhomealone,o,1,4,
mentionsomeoneyoumiss,o,1,4,
neversaynevermemories,o,1,2,
wearethenowherekids,f,2,,
donttweetthis,o,1,2,
ask5hanything,o,1,2,
dontgiveupbecause,o,1,4,
getclosergofurther,f,3,,
top10favoriteartist,o,1,4,
louderreleaseweek,f,3,,
replace1dsongswithlettuce,o,1,2,
outoftowngirl,o,2,8,
dancertweets,f ,1,,
storyofmylifemusicvideo,o,1,3,
thingswomensay2makemenmad,o,1,4,
kissfresh,f,2,,
kissmecarly,o,3,12,
favoritefemaleartist,o,1,1,
backtoschoolwithheart,o,4,19,
thingsguysdontsay,f,1,0,
imagineifjc,,,,
tweetyourfear,o,4,17,
twitpicyourreactionifyouwonthelottery,,,,
imthattypeofpersonwho,f,3,0,
mythoughtsinthehallway,,,,
iwishicoulddate,o,3,12,
everybody6thwin,o,4,19,
twafterhours,,,,
bestbreakupexcuses,o,4,16,
bestsongevermusicvideo,o,4,20,
whocaresif,,,,
iconmondays,,,,
whatilearntontwitter,,,,
mygirlfriendnotallowedto,o,1,4,
aintitfun,,,,
signstherelationshipisover,o,3,12,
7daysofatsunset,f,2,0,
wedemandavote,,,,
tomyfurturekids,o,4,19,
februarywishes,,,,
lastlinesfromgreatbooks,o,1,4,
than,,,,
mentionsomeoneyouwouldsexuallydestroy,o,4,18,
describeyourcrushinoneword,o,1,3,
gotogohere,f,1,0,
youknowyoulikeitwhen,,,,
myfavorite90scartoon,o,4,20,
250dollarscangetyou,f,1,0,
signsyouregettingcheatedon,o,4,16,
5songsthatmakemecry,o,4,20,
thingsthatdestroysarelationship,o,4,18,
peopleiwanttobukapuasawith,,,,
embarrassyourbestfriend,o,4,16,
dontfollowmeontwitterif,o,4,13,
wetalkbeauty,o,2,8,
replacebandnameswithtitties,o,1,3,
thingsthatiloveinlife,o,4,19,
replaceamovietitlewithhoe,o,1,1,
mentionafolloweryouwouldsmash,o,1,3,
thisweekiwillmostlybe,o,1,5,
threewords,,,,
whatreallyturnsmeon,o,1,3,
fuckwithmeyouknowigotit,o,2,7,
purpleyourprofile,o,1,1,
relationshipwontworkif,o,4,19,
tweelikeaguy,,,,
femalesouthereshapedlike,o,1,4,
likeforlikes,,,,
lifewouldbealotbetterif,o,1,4,
thecheappassess,,,,
weirdfearsnight,o,4,17,
nameaexyouwouldtakeback,o,1,1,
nothumanworld,f,5,0,
potterheadsalwayswithharry,f,2,0,
aprilfooljokegonewrong,o,4,20,
iconpopquiz,,,,
theworkisworthit,o,2,9,
aintnothingfunnierthan,o,4,19,
dontcomeoverif,o,3,11,
handsome,o,2,8,
thingsthatmakemehulkmad,o,4,13,
1thingthatgetsonmynerves,o,4,13,
3000dayswithsuperjunior,,,,
storyofmylifevideo,f,1,0,
danceagain,o,4,19,
7daysofsex,o,4,19,
youwhocamefromthestars,f,3,0,
springbreakforever,o,3,12,
thoughtsinthehallway,,,,
in9thgrade,f,1,0,
signsthatyouugly,o,1,4,
thatssexyashell,o,2,9,
removeoneletterfilms,o,1,3,
thingsthatiwanttohappen,o,3,12,
8thingsicantlivewithout,o,4,15,
simplegiving,,,,
arabicmentions,,,,
shanwnto500k,,,,
blackmomscatchphrase,f,1,0,
tellagirlsheisbeautifulday,o,1,3,
iftheywerentfootballers,o,1,6,
mybestfootballmemory,f,2,0,
tweelikeagirl,o,1,3,
howtobeagoodmother,o,1,1,
20peopleithinkarepretty,o,1,5,
chairmangiveaway,,,,
galaxyplaytrackoftheday,,,,
imnottheperson,f,1,0,
howimetmybestfriends,f,1,0,
5painfulthings,o,4,19,
ionlygetmadwhen,o,1,2,
reasonswhywedontgetalong,o,2,7,
votawhatmakesyoubeautiful,o,2,8,
4yearsofbaby,f,1,0,
iamsomiddleclass,f,5,0,
oomftaughtme,f,2,0,
mentionsomeoneyoucareabout,o,1,1,
whenitwascoolto,o,1,4,
howfarwillyougo,o,3,12,
getthatshitoffmytl,,,,
peoplearequickto,o,1,6,
icantbeinarelationshipwithyouif,o,4,16,
blackfanproblems,o,4,19,
mentionsomeoneyouloveandcareabout,o,1,3,
thingsbetterthan1dmanagement,o,1,6,
whenblackfolksthrowaparty,f,1,0,
wewant5sosinsouthamerica,o,1,1,
topretweetmax,,,,
bestlinesinhiphop,f,3,0,
replace1dlyricswithass,,,,
thingsnottosayonthefirstdate,o,1,1,
askbillie,,,,
thingsthatscareobama,o,4,17,
nomakeuptuesday,o,1,3,
whatuniversityhastaughtme,o,4,16,
whatblackpeoplereallymean,o,1,2,
saturdaynightonline,o,2,7,
igettiredofpeoplesaying,o,4,13,
songsthatwillalwaysbump,o,4,19,
iwishicouldmeet,o,3,12,
bestfriendsmusicvideo,o,,,
wewontgiveuponaliasad,o,1,1,
textsthatgetyouscared,o,4,17,
thoughstinthehallway,,,,
imnotfallingforthat,o,1,1,
proudtobecomate,o,1,4,
stayingstrongtomorrow,f,1,0,
embaressyourbestfriend,o,4,16,
replacetitlesongwithjamban,f,2,0,
mostoverratedclothingbrands,f,1,0,
beautifullifephysicalcopy,f,5,0,
replacefilmstitleswithvagina,f,1,0,
reasonstolovetexas,o,4,15,
girlfriendsbelike,o,2,7,
describeyourselfwithapicture,o,1,1,
abestfriendwill,o,3,12,
inawhitehousehold,f,1,0,
describeyourcrush,o,1,1,
hatersontheinternet,o,4,16,
mymomwouldbeatmyassif,o,1,3,
mylatenightthoughts,o,1,3,
nocitations,,,,
oneofmyfavoritemoviesis,o,1,1,
movieswerebestwhen,f,3,0,
kissyouvideolaughs,o,4,19,
twowordsblackpeoplefear,o,4,17,
asdrakewouldsay,o,1,3,
4pics1word,f,3,0,
lyricsthatsavedme,f,1,0,
upallnightfinaltwitcam,f,1,0,
mentionsomeonecutesmile,o,3,11,
50thingsaboutmytwitterbestfriend,o,1,3,
yeahilovethat,o,4,19,
whatdoesthefoxsay,o,1,3,
replacebandnameswithpenguin,o,1,4,
ivenoticedthat,o,1,1,
sexythingsgirlsdo,o,4,19,
madewithstudio,f,1,0,
thatssoravenmemories,o,4,19,
tweetapictureofyourboyfriend,o,1,4,
haitianpronounciations,o,1,3,
reasonstogetnaked,o,4,16,
sometimesyoujustneedto,f,1,0,
celebcalls,o,,,
yieldtonone,o,2,8,
thelastpartyever,o,4,19,
initialsofsomeoneicareabout,o,1,3,
imaweakfor,o,4,19,
wearethepeople,o,1,3,
littlethingsnumber1,f,1,0,
mixedraceproblems,o,4,19,
myworstfearis,o,4,17,
10factsaboutmymum,f,1,0,
ladiesloveitwhen,o,4,15,
ifafricanshadarealityshow,o,3,12,
telldaveeverything,o,1,3,
iswearihatewhenpeople,o,4,16,
psmywords,,,,
87books68days,o,1,3,
alovelikewar,f,1,0,
weallhavethat,o,4,15,
1thingaboutmyself,f,3,0,
weareseditious,,,,
mentionsomebodybeautiful,o,1,1,
free4you2014,,,,
favouritechildhoodbook,o,2,6,
waystobeginsex,o,3,11,
textmethat,o,1,3,
tweetyourbiggestfear,o,4,17,
thingsblackfolksdo2showoff,,,,
youknowyouredutchwhen,,,,
youaremoreatractiveif,o,1,3,
pickoutmyflaws,,,,
describeurexusingonlymovietitle,o,1,1,
annoyingfbgirl,o,4,13,
igowowwhen,o,4,19,
thingsblackpeopletakeseriously,o,4,13,
perfectchatuplines,f,2,0,
muppetsmostwanted,,,,
thatonepersoninschool,o,1,6,
sleepingdogs,,,,
givingtuesday,o,1,3,
20thingsidontlike,f,1,0,
givingtuesday,o,1,3,
menitonsomeoneyourethankfulfor,o,4,15,
strugglesofbeingcanadian,o,4,13,
givingtuesday,o,1,3,
almostisneverenough,f,3,0,
callofdutyghosts,,,,
thingsnottodoafterabreakup,o,2,7,
19yearsoffriends,o,4,19,
twitterfiction,o,1|4,,
rememberwheneverybody,f,1,0,
fresheyes,o,4,14,
1forthemostcountry,o,1,4,
nameyourfavoriterapper,f,1,0,
mentionthepersonthatyouloveontwitter,o,1,1,
backwheniwaslittle,o,4,19,
wecouldbelike,o,1,3,
notonemore,o,4,19,
ladylessons,o,2,7,
thoughtduringschool,o,3,12,
whitemomscatchphrase,o,3,11,
youprobablyshouldnt,o,2,7,
destroythejoint,o,4,16,
ihaveaweakaspotfor,o,4,19,
eventsthathappenatblackparties,,,,
mixtapepromo,,,,
popsaturdays,,,,
mentioncutepeopleontwitter,o,1,3,
mentionyourfaves,o,1,3,
terrifyingifliteral,o,4,17,
biggerbootyprobs,o,3,11,
fatherlesssons,o,3,10,
canibehonestwithyou,o,4,15,
iftwitterdidntexistanymore,o,4,19,
wordsafterbreakup,o,4,19,
mentionsomebodyyoulove,o,1,3,
youknowyoureaussiewhen,o,1,1,
thingswhiteparentssay,o,1,3,
femalesbelike,o,2,7,
powermovesonly,o,,,
favorite,0,0,0,
comebackhome3rdwin,o,1,1,
typesofrelationships,o,4,15,
typicalloveproblem,o,4,19,
